0;0;0;0;0;0;0;0;0;0;0;0;0;0;0;0;0;0;0;0;0;0;0;0;0;0;0;0;0;0;0;0;0;0;0;0;0;0;0;0;0;0;0;0;0;0;0;0;0;0;0;0;0;0;0;0;0;0;0;0;0;0;0;0;0;0;0;0;0;0;0;0;0;0;0;0;0;0;0;0;0;0;0;0;0;0;0;0;0;0;0;0;0;0;0;0;0;0;0;0
0,083333333;0,083333333;0,083333333;0,083333333;0,083333333;0,083333333;0,083333333;0,083333333;0,083333333;0,083333333;0,083333333;0,083333333;0,083333333;0,083333333;0,083333333;0,083333333;0,083333333;0,083333333;0,083333333;0,083333333;0,083333333;0,083333333;0,083333333;0,083333333;0,083333333;0,083333333;0,083333333;0,083333333;0,083333333;0,083333333;0,083333333;0,083333333;0,083333333;0,083333333;0,083333333;0,083333333;0,083333333;0,083333333;0,083333333;0,083333333;0,083333333;0,083333333;0,083333333;0,083333333;0,083333333;0,083333333;0,083333333;0,083333333;0,083333333;0,083333333;0,083333333;0,083333333;0,083333333;0,083333333;0,083333333;0,083333333;0,083333333;0,083333333;0,083333333;0,083333333;0,083333333;0,083333333;0,083333333;0,083333333;0,083333333;0,083333333;0,083333333;0,083333333;0,083333333;0,083333333;0,083333333;0,083333333;0,083333333;0,083333333;0,083333333;0,083333333;0,083333333;0,083333333;0,083333333;0,083333333;0,083333333;0,083333333;0,083333333;0,083333333;0,083333333;0,083333333;0,083333333;0,083333333;0,083333333;0,083333333;0,083333333;0,083333333;0,083333333;0,083333333;0,083333333;0,083333333;0,083333333;0,083333333;0,083333333;0,083333333
0,166666667;0,166666667;0,166666667;0,166666667;0,166666667;0,166666667;0,166666667;0,166666667;0,166666667;0,166666667;0,166666667;0,166666667;0,166666667;0,166666667;0,166666667;0,166666667;0,166666667;0,166666667;0,166666667;0,166666667;0,166666667;0,166666667;0,166666667;0,166666667;0,166666667;0,166666667;0,166666667;0,166666667;0,166666667;0,166666667;0,166666667;0,166666667;0,166666667;0,166666667;0,166666667;0,166666667;0,166666667;0,166666667;0,166666667;0,166666667;0,166666667;0,166666667;0,166666667;0,166666667;0,166666667;0,166666667;0,166666667;0,166666667;0,166666667;0,166666667;0,166666667;0,166666667;0,166666667;0,166666667;0,166666667;0,166666667;0,166666667;0,166666667;0,166666667;0,166666667;0,166666667;0,166666667;0,166666667;0,166666667;0,166666667;0,166666667;0,166666667;0,166666667;0,166666667;0,166666667;0,166666667;0,166666667;0,166666667;0,166666667;0,166666667;0,166666667;0,166666667;0,166666667;0,166666667;0,166666667;0,166666667;0,166666667;0,166666667;0,166666667;0,166666667;0,166666667;0,166666667;0,166666667;0,166666667;0,166666667;0,166666667;0,166666667;0,166666667;0,166666667;0,166666667;0,166666667;0,166666667;0,166666667;0,166666667;0,166666667
0,25;0,25;0,25;0,25;0,25;0,25;0,25;0,25;0,25;0,25;0,25;0,25;0,25;0,25;0,25;0,25;0,25;0,25;0,25;0,25;0,25;0,25;0,25;0,25;0,25;0,25;0,25;0,25;0,25;0,25;0,25;0,25;0,25;0,25;0,25;0,25;0,25;0,25;0,25;0,25;0,25;0,25;0,25;0,25;0,25;0,25;0,25;0,25;0,25;0,25;0,25;0,25;0,25;0,25;0,25;0,25;0,25;0,25;0,25;0,25;0,25;0,25;0,25;0,25;0,25;0,25;0,25;0,25;0,25;0,25;0,25;0,25;0,25;0,25;0,25;0,25;0,25;0,25;0,25;0,25;0,25;0,25;0,25;0,25;0,25;0,25;0,25;0,25;0,25;0,25;0,25;0,25;0,25;0,25;0,25;0,25;0,25;0,25;0,25;0,25
0,333333333;0,333333333;0,333333333;0,333333333;0,333333333;0,333333333;0,333333333;0,333333333;0,333333333;0,333333333;0,333333333;0,333333333;0,333333333;0,333333333;0,333333333;0,333333333;0,333333333;0,333333333;0,333333333;0,333333333;0,333333333;0,333333333;0,333333333;0,333333333;0,333333333;0,333333333;0,333333333;0,333333333;0,333333333;0,333333333;0,333333333;0,333333333;0,333333333;0,333333333;0,333333333;0,333333333;0,333333333;0,333333333;0,333333333;0,333333333;0,333333333;0,333333333;0,333333333;0,333333333;0,333333333;0,333333333;0,333333333;0,333333333;0,333333333;0,333333333;0,333333333;0,333333333;0,333333333;0,333333333;0,333333333;0,333333333;0,333333333;0,333333333;0,333333333;0,333333333;0,333333333;0,333333333;0,333333333;0,333333333;0,333333333;0,333333333;0,333333333;0,333333333;0,333333333;0,333333333;0,333333333;0,333333333;0,333333333;0,333333333;0,333333333;0,333333333;0,333333333;0,333333333;0,333333333;0,333333333;0,333333333;0,333333333;0,333333333;0,333333333;0,333333333;0,333333333;0,333333333;0,333333333;0,333333333;0,333333333;0,333333333;0,333333333;0,333333333;0,333333333;0,333333333;0,333333333;0,333333333;0,333333333;0,333333333;0,333333333
0,416666667;0,416666667;0,416666667;0,416666667;0,416666667;0,416666667;0,416666667;0,416666667;0,416666667;0,416666667;0,416666667;0,416666667;0,416666667;0,416666667;0,416666667;0,416666667;0,416666667;0,416666667;0,416666667;0,416666667;0,416666667;0,416666667;0,416666667;0,416666667;0,416666667;0,416666667;0,416666667;0,416666667;0,416666667;0,416666667;0,416666667;0,416666667;0,416666667;0,416666667;0,416666667;0,416666667;0,416666667;0,416666667;0,416666667;0,416666667;0,416666667;0,416666667;0,416666667;0,416666667;0,416666667;0,416666667;0,416666667;0,416666667;0,416666667;0,416666667;0,416666667;0,416666667;0,416666667;0,416666667;0,416666667;0,416666667;0,416666667;0,416666667;0,416666667;0,416666667;0,416666667;0,416666667;0,416666667;0,416666667;0,416666667;0,416666667;0,416666667;0,416666667;0,416666667;0,416666667;0,416666667;0,416666667;0,416666667;0,416666667;0,416666667;0,416666667;0,416666667;0,416666667;0,416666667;0,416666667;0,416666667;0,416666667;0,416666667;0,416666667;0,416666667;0,416666667;0,416666667;0,416666667;0,416666667;0,416666667;0,416666667;0,416666667;0,416666667;0,416666667;0,416666667;0,416666667;0,416666667;0,416666667;0,416666667;0,416666667
0,5;0,5;0,5;0,5;0,5;0,5;0,5;0,5;0,5;0,5;0,5;0,5;0,5;0,5;0,5;0,5;0,5;0,5;0,5;0,5;0,5;0,5;0,5;0,5;0,5;0,5;0,5;0,5;0,5;0,5;0,5;0,5;0,5;0,5;0,5;0,5;0,5;0,5;0,5;0,5;0,5;0,5;0,5;0,5;0,5;0,5;0,5;0,5;0,5;0,5;0,5;0,5;0,5;0,5;0,5;0,5;0,5;0,5;0,5;0,5;0,5;0,5;0,5;0,5;0,5;0,5;0,5;0,5;0,5;0,5;0,5;0,5;0,5;0,5;0,5;0,5;0,5;0,5;0,5;0,5;0,5;0,5;0,5;0,5;0,5;0,5;0,5;0,5;0,5;0,5;0,5;0,5;0,5;0,5;0,5;0,5;0,5;0,5;0,5;0,5
0,583333333;0,583333333;0,583333333;0,583333333;0,583333333;0,583333333;0,583333333;0,583333333;0,583333333;0,583333333;0,583333333;0,583333333;0,583333333;0,583333333;0,583333333;0,583333333;0,583333333;0,583333333;0,583333333;0,583333333;0,583333333;0,583333333;0,583333333;0,583333333;0,583333333;0,583333333;0,583333333;0,583333333;0,583333333;0,583333333;0,583333333;0,583333333;0,583333333;0,583333333;0,583333333;0,583333333;0,583333333;0,583333333;0,583333333;0,583333333;0,583333333;0,583333333;0,583333333;0,583333333;0,583333333;0,583333333;0,583333333;0,583333333;0,583333333;0,583333333;0,583333333;0,583333333;0,583333333;0,583333333;0,583333333;0,583333333;0,583333333;0,583333333;0,583333333;0,583333333;0,583333333;0,583333333;0,583333333;0,583333333;0,583333333;0,583333333;0,583333333;0,583333333;0,583333333;0,583333333;0,583333333;0,583333333;0,583333333;0,583333333;0,583333333;0,583333333;0,583333333;0,583333333;0,583333333;0,583333333;0,583333333;0,583333333;0,583333333;0,583333333;0,583333333;0,583333333;0,583333333;0,583333333;0,583333333;0,583333333;0,583333333;0,583333333;0,583333333;0,583333333;0,583333333;0,583333333;0,583333333;0,583333333;0,583333333;0,583333333
0,666666667;0,666666667;0,666666667;0,666666667;0,666666667;0,666666667;0,666666667;0,666666667;0,666666667;0,666666667;0,666666667;0,666666667;0,666666667;0,666666667;0,666666667;0,666666667;0,666666667;0,666666667;0,666666667;0,666666667;0,666666667;0,666666667;0,666666667;0,666666667;0,666666667;0,666666667;0,666666667;0,666666667;0,666666667;0,666666667;0,666666667;0,666666667;0,666666667;0,666666667;0,666666667;0,666666667;0,666666667;0,666666667;0,666666667;0,666666667;0,666666667;0,666666667;0,666666667;0,666666667;0,666666667;0,666666667;0,666666667;0,666666667;0,666666667;0,666666667;0,666666667;0,666666667;0,666666667;0,666666667;0,666666667;0,666666667;0,666666667;0,666666667;0,666666667;0,666666667;0,666666667;0,666666667;0,666666667;0,666666667;0,666666667;0,666666667;0,666666667;0,666666667;0,666666667;0,666666667;0,666666667;0,666666667;0,666666667;0,666666667;0,666666667;0,666666667;0,666666667;0,666666667;0,666666667;0,666666667;0,666666667;0,666666667;0,666666667;0,666666667;0,666666667;0,666666667;0,666666667;0,666666667;0,666666667;0,666666667;0,666666667;0,666666667;0,666666667;0,666666667;0,666666667;0,666666667;0,666666667;0,666666667;0,666666667;0,666666667
0,75;0,75;0,75;0,75;0,75;0,75;0,75;0,75;0,75;0,75;0,75;0,75;0,75;0,75;0,75;0,75;0,75;0,75;0,75;0,75;0,75;0,75;0,75;0,75;0,75;0,75;0,75;0,75;0,75;0,75;0,75;0,75;0,75;0,75;0,75;0,75;0,75;0,75;0,75;0,75;0,75;0,75;0,75;0,75;0,75;0,75;0,75;0,75;0,75;0,75;0,75;0,75;0,75;0,75;0,75;0,75;0,75;0,75;0,75;0,75;0,75;0,75;0,75;0,75;0,75;0,75;0,75;0,75;0,75;0,75;0,75;0,75;0,75;0,75;0,75;0,75;0,75;0,75;0,75;0,75;0,75;0,75;0,75;0,75;0,75;0,75;0,75;0,75;0,75;0,75;0,75;0,75;0,75;0,75;0,75;0,75;0,75;0,75;0,75;0,75
0,833333333;0,833333333;0,833333333;0,833333333;0,833333333;0,833333333;0,833333333;0,833333333;0,833333333;0,833333333;0,833333333;0,833333333;0,833333333;0,833333333;0,833333333;0,833333333;0,833333333;0,833333333;0,833333333;0,833333333;0,833333333;0,833333333;0,833333333;0,833333333;0,833333333;0,833333333;0,833333333;0,833333333;0,833333333;0,833333333;0,833333333;0,833333333;0,833333333;0,833333333;0,833333333;0,833333333;0,833333333;0,833333333;0,833333333;0,833333333;0,833333333;0,833333333;0,833333333;0,833333333;0,833333333;0,833333333;0,833333333;0,833333333;0,833333333;0,833333333;0,833333333;0,833333333;0,833333333;0,833333333;0,833333333;0,833333333;0,833333333;0,833333333;0,833333333;0,833333333;0,833333333;0,833333333;0,833333333;0,833333333;0,833333333;0,833333333;0,833333333;0,833333333;0,833333333;0,833333333;0,833333333;0,833333333;0,833333333;0,833333333;0,833333333;0,833333333;0,833333333;0,833333333;0,833333333;0,833333333;0,833333333;0,833333333;0,833333333;0,833333333;0,833333333;0,833333333;0,833333333;0,833333333;0,833333333;0,833333333;0,833333333;0,833333333;0,833333333;0,833333333;0,833333333;0,833333333;0,833333333;0,833333333;0,833333333;0,833333333
0,916666667;0,916666667;0,916666667;0,916666667;0,916666667;0,916666667;0,916666667;0,916666667;0,916666667;0,916666667;0,916666667;0,916666667;0,916666667;0,916666667;0,916666667;0,916666667;0,916666667;0,916666667;0,916666667;0,916666667;0,916666667;0,916666667;0,916666667;0,916666667;0,916666667;0,916666667;0,916666667;0,916666667;0,916666667;0,916666667;0,916666667;0,916666667;0,916666667;0,916666667;0,916666667;0,916666667;0,916666667;0,916666667;0,916666667;0,916666667;0,916666667;0,916666667;0,916666667;0,916666667;0,916666667;0,916666667;0,916666667;0,916666667;0,916666667;0,916666667;0,916666667;0,916666667;0,916666667;0,916666667;0,916666667;0,916666667;0,916666667;0,916666667;0,916666667;0,916666667;0,916666667;0,916666667;0,916666667;0,916666667;0,916666667;0,916666667;0,916666667;0,916666667;0,916666667;0,916666667;0,916666667;0,916666667;0,916666667;0,916666667;0,916666667;0,916666667;0,916666667;0,916666667;0,916666667;0,916666667;0,916666667;0,916666667;0,916666667;0,916666667;0,916666667;0,916666667;0,916666667;0,916666667;0,916666667;0,916666667;0,916666667;0,916666667;0,916666667;0,916666667;0,916666667;0,916666667;0,916666667;0,916666667;0,916666667;0,916666667
1;1;1;1;1;1;1;1;1;1;1;1;1;1;1;1;1;1;1;1;1;1;1;1;1;1;1;1;1;1;1;1;1;1;1;1;1;1;1;1;1;1;1;1;1;1;1;1;1;1;1;1;1;1;1;1;1;1;1;1;1;1;1;1;1;1;1;1;1;1;1;1;1;1;1;1;1;1;1;1;1;1;1;1;1;1;1;1;1;1;1;1;1;1;1;1;1;1;1;1
1,083333333;1,083333333;1,083333333;1,083333333;1,083333333;1,083333333;1,083333333;1,083333333;1,083333333;1,083333333;1,083333333;1,083333333;1,083333333;1,083333333;1,083333333;1,083333333;1,083333333;1,083333333;1,083333333;1,083333333;1,083333333;1,083333333;1,083333333;1,083333333;1,083333333;1,083333333;1,083333333;1,083333333;1,083333333;1,083333333;1,083333333;1,083333333;1,083333333;1,083333333;1,083333333;1,083333333;1,083333333;1,083333333;1,083333333;1,083333333;1,083333333;1,083333333;1,083333333;1,083333333;1,083333333;1,083333333;1,083333333;1,083333333;1,083333333;1,083333333;1,083333333;1,083333333;1,083333333;1,083333333;1,083333333;1,083333333;1,083333333;1,083333333;1,083333333;1,083333333;1,083333333;1,083333333;1,083333333;1,083333333;1,083333333;1,083333333;1,083333333;1,083333333;1,083333333;1,083333333;1,083333333;1,083333333;1,083333333;1,083333333;1,083333333;1,083333333;1,083333333;1,083333333;1,083333333;1,083333333;1,083333333;1,083333333;1,083333333;1,083333333;1,083333333;1,083333333;1,083333333;1,083333333;1,083333333;1,083333333;1,083333333;1,083333333;1,083333333;1,083333333;1,083333333;1,083333333;1,083333333;1,083333333;1,083333333;1,083333333
1,166666667;1,166666667;1,166666667;1,166666667;1,166666667;1,166666667;1,166666667;1,166666667;1,166666667;1,166666667;1,166666667;1,166666667;1,166666667;1,166666667;1,166666667;1,166666667;1,166666667;1,166666667;1,166666667;1,166666667;1,166666667;1,166666667;1,166666667;1,166666667;1,166666667;1,166666667;1,166666667;1,166666667;1,166666667;1,166666667;1,166666667;1,166666667;1,166666667;1,166666667;1,166666667;1,166666667;1,166666667;1,166666667;1,166666667;1,166666667;1,166666667;1,166666667;1,166666667;1,166666667;1,166666667;1,166666667;1,166666667;1,166666667;1,166666667;1,166666667;1,166666667;1,166666667;1,166666667;1,166666667;1,166666667;1,166666667;1,166666667;1,166666667;1,166666667;1,166666667;1,166666667;1,166666667;1,166666667;1,166666667;1,166666667;1,166666667;1,166666667;1,166666667;1,166666667;1,166666667;1,166666667;1,166666667;1,166666667;1,166666667;1,166666667;1,166666667;1,166666667;1,166666667;1,166666667;1,166666667;1,166666667;1,166666667;1,166666667;1,166666667;1,166666667;1,166666667;1,166666667;1,166666667;1,166666667;1,166666667;1,166666667;1,166666667;1,166666667;1,166666667;1,166666667;1,166666667;1,166666667;1,166666667;1,166666667;1,166666667
1,25;1,25;1,25;1,25;1,25;1,25;1,25;1,25;1,25;1,25;1,25;1,25;1,25;1,25;1,25;1,25;1,25;1,25;1,25;1,25;1,25;1,25;1,25;1,25;1,25;1,25;1,25;1,25;1,25;1,25;1,25;1,25;1,25;1,25;1,25;1,25;1,25;1,25;1,25;1,25;1,25;1,25;1,25;1,25;1,25;1,25;1,25;1,25;1,25;1,25;1,25;1,25;1,25;1,25;1,25;1,25;1,25;1,25;1,25;1,25;1,25;1,25;1,25;1,25;1,25;1,25;1,25;1,25;1,25;1,25;1,25;1,25;1,25;1,25;1,25;1,25;1,25;1,25;1,25;1,25;1,25;1,25;1,25;1,25;1,25;1,25;1,25;1,25;1,25;1,25;1,25;1,25;1,25;1,25;1,25;1,25;1,25;1,25;1,25;1,25
1,333333333;1,333333333;1,333333333;1,333333333;1,333333333;1,333333333;1,333333333;1,333333333;1,333333333;1,333333333;1,333333333;1,333333333;1,333333333;1,333333333;1,333333333;1,333333333;1,333333333;1,333333333;1,333333333;1,333333333;1,333333333;1,333333333;1,333333333;1,333333333;1,333333333;1,333333333;1,333333333;1,333333333;1,333333333;1,333333333;1,333333333;1,333333333;1,333333333;1,333333333;1,333333333;1,333333333;1,333333333;1,333333333;1,333333333;1,333333333;1,333333333;1,333333333;1,333333333;1,333333333;1,333333333;1,333333333;1,333333333;1,333333333;1,333333333;1,333333333;1,333333333;1,333333333;1,333333333;1,333333333;1,333333333;1,333333333;1,333333333;1,333333333;1,333333333;1,333333333;1,333333333;1,333333333;1,333333333;1,333333333;1,333333333;1,333333333;1,333333333;1,333333333;1,333333333;1,333333333;1,333333333;1,333333333;1,333333333;1,333333333;1,333333333;1,333333333;1,333333333;1,333333333;1,333333333;1,333333333;1,333333333;1,333333333;1,333333333;1,333333333;1,333333333;1,333333333;1,333333333;1,333333333;1,333333333;1,333333333;1,333333333;1,333333333;1,333333333;1,333333333;1,333333333;1,333333333;1,333333333;1,333333333;1,333333333;1,333333333
1,416666667;1,416666667;1,416666667;1,416666667;1,416666667;1,416666667;1,416666667;1,416666667;1,416666667;1,416666667;1,416666667;1,416666667;1,416666667;1,416666667;1,416666667;1,416666667;1,416666667;1,416666667;1,416666667;1,416666667;1,416666667;1,416666667;1,416666667;1,416666667;1,416666667;1,416666667;1,416666667;1,416666667;1,416666667;1,416666667;1,416666667;1,416666667;1,416666667;1,416666667;1,416666667;1,416666667;1,416666667;1,416666667;1,416666667;1,416666667;1,416666667;1,416666667;1,416666667;1,416666667;1,416666667;1,416666667;1,416666667;1,416666667;1,416666667;1,416666667;1,416666667;1,416666667;1,416666667;1,416666667;1,416666667;1,416666667;1,416666667;1,416666667;1,416666667;1,416666667;1,416666667;1,416666667;1,416666667;1,416666667;1,416666667;1,416666667;1,416666667;1,416666667;1,416666667;1,416666667;1,416666667;1,416666667;1,416666667;1,416666667;1,416666667;1,416666667;1,416666667;1,416666667;1,416666667;1,416666667;1,416666667;1,416666667;1,416666667;1,416666667;1,416666667;1,416666667;1,416666667;1,416666667;1,416666667;1,416666667;1,416666667;1,416666667;1,416666667;1,416666667;1,416666667;1,416666667;1,416666667;1,416666667;1,416666667;1,416666667
1,5;1,5;1,5;1,5;1,5;1,5;1,5;1,5;1,5;1,5;1,5;1,5;1,5;1,5;1,5;1,5;1,5;1,5;1,5;1,5;1,5;1,5;1,5;1,5;1,5;1,5;1,5;1,5;1,5;1,5;1,5;1,5;1,5;1,5;1,5;1,5;1,5;1,5;1,5;1,5;1,5;1,5;1,5;1,5;1,5;1,5;1,5;1,5;1,5;1,5;1,5;1,5;1,5;1,5;1,5;1,5;1,5;1,5;1,5;1,5;1,5;1,5;1,5;1,5;1,5;1,5;1,5;1,5;1,5;1,5;1,5;1,5;1,5;1,5;1,5;1,5;1,5;1,5;1,5;1,5;1,5;1,5;1,5;1,5;1,5;1,5;1,5;1,5;1,5;1,5;1,5;1,5;1,5;1,5;1,5;1,5;1,5;1,5;1,5;1,5
1,583333333;1,583333333;1,583333333;1,583333333;1,583333333;1,583333333;1,583333333;1,583333333;1,583333333;1,583333333;1,583333333;1,583333333;1,583333333;1,583333333;1,583333333;1,583333333;1,583333333;1,583333333;1,583333333;1,583333333;1,583333333;1,583333333;1,583333333;1,583333333;1,583333333;1,583333333;1,583333333;1,583333333;1,583333333;1,583333333;1,583333333;1,583333333;1,583333333;1,583333333;1,583333333;1,583333333;1,583333333;1,583333333;1,583333333;1,583333333;1,583333333;1,583333333;1,583333333;1,583333333;1,583333333;1,583333333;1,583333333;1,583333333;1,583333333;1,583333333;1,583333333;1,583333333;1,583333333;1,583333333;1,583333333;1,583333333;1,583333333;1,583333333;1,583333333;1,583333333;1,583333333;1,583333333;1,583333333;1,583333333;1,583333333;1,583333333;1,583333333;1,583333333;1,583333333;1,583333333;1,583333333;1,583333333;1,583333333;1,583333333;1,583333333;1,583333333;1,583333333;1,583333333;1,583333333;1,583333333;1,583333333;1,583333333;1,583333333;1,583333333;1,583333333;1,583333333;1,583333333;1,583333333;1,583333333;1,583333333;1,583333333;1,583333333;1,583333333;1,583333333;1,583333333;1,583333333;1,583333333;1,583333333;1,583333333;1,583333333
1,666666667;1,666666667;1,666666667;1,666666667;1,666666667;1,666666667;1,666666667;1,666666667;1,666666667;1,666666667;1,666666667;1,666666667;1,666666667;1,666666667;1,666666667;1,666666667;1,666666667;1,666666667;1,666666667;1,666666667;1,666666667;1,666666667;1,666666667;1,666666667;1,666666667;1,666666667;1,666666667;1,666666667;1,666666667;1,666666667;1,666666667;1,666666667;1,666666667;1,666666667;1,666666667;1,666666667;1,666666667;1,666666667;1,666666667;1,666666667;1,666666667;1,666666667;1,666666667;1,666666667;1,666666667;1,666666667;1,666666667;1,666666667;1,666666667;1,666666667;1,666666667;1,666666667;1,666666667;1,666666667;1,666666667;1,666666667;1,666666667;1,666666667;1,666666667;1,666666667;1,666666667;1,666666667;1,666666667;1,666666667;1,666666667;1,666666667;1,666666667;1,666666667;1,666666667;1,666666667;1,666666667;1,666666667;1,666666667;1,666666667;1,666666667;1,666666667;1,666666667;1,666666667;1,666666667;1,666666667;1,666666667;1,666666667;1,666666667;1,666666667;1,666666667;1,666666667;1,666666667;1,666666667;1,666666667;1,666666667;1,666666667;1,666666667;1,666666667;1,666666667;1,666666667;1,666666667;1,666666667;1,666666667;1,666666667;1,666666667
1,75;1,75;1,75;1,75;1,75;1,75;1,75;1,75;1,75;1,75;1,75;1,75;1,75;1,75;1,75;1,75;1,75;1,75;1,75;1,75;1,75;1,75;1,75;1,75;1,75;1,75;1,75;1,75;1,75;1,75;1,75;1,75;1,75;1,75;1,75;1,75;1,75;1,75;1,75;1,75;1,75;1,75;1,75;1,75;1,75;1,75;1,75;1,75;1,75;1,75;1,75;1,75;1,75;1,75;1,75;1,75;1,75;1,75;1,75;1,75;1,75;1,75;1,75;1,75;1,75;1,75;1,75;1,75;1,75;1,75;1,75;1,75;1,75;1,75;1,75;1,75;1,75;1,75;1,75;1,75;1,75;1,75;1,75;1,75;1,75;1,75;1,75;1,75;1,75;1,75;1,75;1,75;1,75;1,75;1,75;1,75;1,75;1,75;1,75;1,75
1,833333333;1,833333333;1,833333333;1,833333333;1,833333333;1,833333333;1,833333333;1,833333333;1,833333333;1,833333333;1,833333333;1,833333333;1,833333333;1,833333333;1,833333333;1,833333333;1,833333333;1,833333333;1,833333333;1,833333333;1,833333333;1,833333333;1,833333333;1,833333333;1,833333333;1,833333333;1,833333333;1,833333333;1,833333333;1,833333333;1,833333333;1,833333333;1,833333333;1,833333333;1,833333333;1,833333333;1,833333333;1,833333333;1,833333333;1,833333333;1,833333333;1,833333333;1,833333333;1,833333333;1,833333333;1,833333333;1,833333333;1,833333333;1,833333333;1,833333333;1,833333333;1,833333333;1,833333333;1,833333333;1,833333333;1,833333333;1,833333333;1,833333333;1,833333333;1,833333333;1,833333333;1,833333333;1,833333333;1,833333333;1,833333333;1,833333333;1,833333333;1,833333333;1,833333333;1,833333333;1,833333333;1,833333333;1,833333333;1,833333333;1,833333333;1,833333333;1,833333333;1,833333333;1,833333333;1,833333333;1,833333333;1,833333333;1,833333333;1,833333333;1,833333333;1,833333333;1,833333333;1,833333333;1,833333333;1,833333333;1,833333333;1,833333333;1,833333333;1,833333333;1,833333333;1,833333333;1,833333333;1,833333333;1,833333333;1,833333333
1,916666667;1,916666667;1,916666667;1,916666667;1,916666667;1,916666667;1,916666667;1,916666667;1,916666667;1,916666667;1,916666667;1,916666667;1,916666667;1,916666667;1,916666667;1,916666667;1,916666667;1,916666667;1,916666667;1,916666667;1,916666667;1,916666667;1,916666667;1,916666667;1,916666667;1,916666667;1,916666667;1,916666667;1,916666667;1,916666667;1,916666667;1,916666667;1,916666667;1,916666667;1,916666667;1,916666667;1,916666667;1,916666667;1,916666667;1,916666667;1,916666667;1,916666667;1,916666667;1,916666667;1,916666667;1,916666667;1,916666667;1,916666667;1,916666667;1,916666667;1,916666667;1,916666667;1,916666667;1,916666667;1,916666667;1,916666667;1,916666667;1,916666667;1,916666667;1,916666667;1,916666667;1,916666667;1,916666667;1,916666667;1,916666667;1,916666667;1,916666667;1,916666667;1,916666667;1,916666667;1,916666667;1,916666667;1,916666667;1,916666667;1,916666667;1,916666667;1,916666667;1,916666667;1,916666667;1,916666667;1,916666667;1,916666667;1,916666667;1,916666667;1,916666667;1,916666667;1,916666667;1,916666667;1,916666667;1,916666667;1,916666667;1,916666667;1,916666667;1,916666667;1,916666667;1,916666667;1,916666667;1,916666667;1,916666667;1,916666667
2;2;2;2;2;2;2;2;2;2;2;2;2;2;2;2;2;2;2;2;2;2;2;2;2;2;2;2;2;2;2;2;2;2;2;2;2;2;2;2;2;2;2;2;2;2;2;2;2;2;2;2;2;2;2;2;2;2;2;2;2;2;2;2;2;2;2;2;2;2;2;2;2;2;2;2;2;2;2;2;2;2;2;2;2;2;2;2;2;2;2;2;2;2;2;2;2;2;2;2
2,083333333;2,083333333;2,083333333;2,083333333;2,083333333;2,083333333;2,083333333;2,083333333;2,083333333;2,083333333;2,083333333;2,083333333;2,083333333;2,083333333;2,083333333;2,083333333;2,083333333;2,083333333;2,083333333;2,083333333;2,083333333;2,083333333;2,083333333;2,083333333;2,083333333;2,083333333;2,083333333;2,083333333;2,083333333;2,083333333;2,083333333;2,083333333;2,083333333;2,083333333;2,083333333;2,083333333;2,083333333;2,083333333;2,083333333;2,083333333;2,083333333;2,083333333;2,083333333;2,083333333;2,083333333;2,083333333;2,083333333;2,083333333;2,083333333;2,083333333;2,083333333;2,083333333;2,083333333;2,083333333;2,083333333;2,083333333;2,083333333;2,083333333;2,083333333;2,083333333;2,083333333;2,083333333;2,083333333;2,083333333;2,083333333;2,083333333;2,083333333;2,083333333;2,083333333;2,083333333;2,083333333;2,083333333;2,083333333;2,083333333;2,083333333;2,083333333;2,083333333;2,083333333;2,083333333;2,083333333;2,083333333;2,083333333;2,083333333;2,083333333;2,083333333;2,083333333;2,083333333;2,083333333;2,083333333;2,083333333;2,083333333;2,083333333;2,083333333;2,083333333;2,083333333;2,083333333;2,083333333;2,083333333;2,083333333;2,083333333
2,166666667;2,166666667;2,166666667;2,166666667;2,166666667;2,166666667;2,166666667;2,166666667;2,166666667;2,166666667;2,166666667;2,166666667;2,166666667;2,166666667;2,166666667;2,166666667;2,166666667;2,166666667;2,166666667;2,166666667;2,166666667;2,166666667;2,166666667;2,166666667;2,166666667;2,166666667;2,166666667;2,166666667;2,166666667;2,166666667;2,166666667;2,166666667;2,166666667;2,166666667;2,166666667;2,166666667;2,166666667;2,166666667;2,166666667;2,166666667;2,166666667;2,166666667;2,166666667;2,166666667;2,166666667;2,166666667;2,166666667;2,166666667;2,166666667;2,166666667;2,166666667;2,166666667;2,166666667;2,166666667;2,166666667;2,166666667;2,166666667;2,166666667;2,166666667;2,166666667;2,166666667;2,166666667;2,166666667;2,166666667;2,166666667;2,166666667;2,166666667;2,166666667;2,166666667;2,166666667;2,166666667;2,166666667;2,166666667;2,166666667;2,166666667;2,166666667;2,166666667;2,166666667;2,166666667;2,166666667;2,166666667;2,166666667;2,166666667;2,166666667;2,166666667;2,166666667;2,166666667;2,166666667;2,166666667;2,166666667;2,166666667;2,166666667;2,166666667;2,166666667;2,166666667;2,166666667;2,166666667;2,166666667;2,166666667;2,166666667
2,25;2,25;2,25;2,25;2,25;2,25;2,25;2,25;2,25;2,25;2,25;2,25;2,25;2,25;2,25;2,25;2,25;2,25;2,25;2,25;2,25;2,25;2,25;2,25;2,25;2,25;2,25;2,25;2,25;2,25;2,25;2,25;2,25;2,25;2,25;2,25;2,25;2,25;2,25;2,25;2,25;2,25;2,25;2,25;2,25;2,25;2,25;2,25;2,25;2,25;2,25;2,25;2,25;2,25;2,25;2,25;2,25;2,25;2,25;2,25;2,25;2,25;2,25;2,25;2,25;2,25;2,25;2,25;2,25;2,25;2,25;2,25;2,25;2,25;2,25;2,25;2,25;2,25;2,25;2,25;2,25;2,25;2,25;2,25;2,25;2,25;2,25;2,25;2,25;2,25;2,25;2,25;2,25;2,25;2,25;2,25;2,25;2,25;2,25;2,25
2,333333333;2,333333333;2,333333333;2,333333333;2,333333333;2,333333333;2,333333333;2,333333333;2,333333333;2,333333333;2,333333333;2,333333333;2,333333333;2,333333333;2,333333333;2,333333333;2,333333333;2,333333333;2,333333333;2,333333333;2,333333333;2,333333333;2,333333333;2,333333333;2,333333333;2,333333333;2,333333333;2,333333333;2,333333333;2,333333333;2,333333333;2,333333333;2,333333333;2,333333333;2,333333333;2,333333333;2,333333333;2,333333333;2,333333333;2,333333333;2,333333333;2,333333333;2,333333333;2,333333333;2,333333333;2,333333333;2,333333333;2,333333333;2,333333333;2,333333333;2,333333333;2,333333333;2,333333333;2,333333333;2,333333333;2,333333333;2,333333333;2,333333333;2,333333333;2,333333333;2,333333333;2,333333333;2,333333333;2,333333333;2,333333333;2,333333333;2,333333333;2,333333333;2,333333333;2,333333333;2,333333333;2,333333333;2,333333333;2,333333333;2,333333333;2,333333333;2,333333333;2,333333333;2,333333333;2,333333333;2,333333333;2,333333333;2,333333333;2,333333333;2,333333333;2,333333333;2,333333333;2,333333333;2,333333333;2,333333333;2,333333333;2,333333333;2,333333333;2,333333333;2,333333333;2,333333333;2,333333333;2,333333333;2,333333333;2,333333333
2,416666667;2,416666667;2,416666667;2,416666667;2,416666667;2,416666667;2,416666667;2,416666667;2,416666667;2,416666667;2,416666667;2,416666667;2,416666667;2,416666667;2,416666667;2,416666667;2,416666667;2,416666667;2,416666667;2,416666667;2,416666667;2,416666667;2,416666667;2,416666667;2,416666667;2,416666667;2,416666667;2,416666667;2,416666667;2,416666667;2,416666667;2,416666667;2,416666667;2,416666667;2,416666667;2,416666667;2,416666667;2,416666667;2,416666667;2,416666667;2,416666667;2,416666667;2,416666667;2,416666667;2,416666667;2,416666667;2,416666667;2,416666667;2,416666667;2,416666667;2,416666667;2,416666667;2,416666667;2,416666667;2,416666667;2,416666667;2,416666667;2,416666667;2,416666667;2,416666667;2,416666667;2,416666667;2,416666667;2,416666667;2,416666667;2,416666667;2,416666667;2,416666667;2,416666667;2,416666667;2,416666667;2,416666667;2,416666667;2,416666667;2,416666667;2,416666667;2,416666667;2,416666667;2,416666667;2,416666667;2,416666667;2,416666667;2,416666667;2,416666667;2,416666667;2,416666667;2,416666667;2,416666667;2,416666667;2,416666667;2,416666667;2,416666667;2,416666667;2,416666667;2,416666667;2,416666667;2,416666667;2,416666667;2,416666667;2,416666667
2,5;2,5;2,5;2,5;2,5;2,5;2,5;2,5;2,5;2,5;2,5;2,5;2,5;2,5;2,5;2,5;2,5;2,5;2,5;2,5;2,5;2,5;2,5;2,5;2,5;2,5;2,5;2,5;2,5;2,5;2,5;2,5;2,5;2,5;2,5;2,5;2,5;2,5;2,5;2,5;2,5;2,5;2,5;2,5;2,5;2,5;2,5;2,5;2,5;2,5;2,5;2,5;2,5;2,5;2,5;2,5;2,5;2,5;2,5;2,5;2,5;2,5;2,5;2,5;2,5;2,5;2,5;2,5;2,5;2,5;2,5;2,5;2,5;2,5;2,5;2,5;2,5;2,5;2,5;2,5;2,5;2,5;2,5;2,5;2,5;2,5;2,5;2,5;2,5;2,5;2,5;2,5;2,5;2,5;2,5;2,5;2,5;2,5;2,5;2,5
2,583333333;2,583333333;2,583333333;2,583333333;2,583333333;2,583333333;2,583333333;2,583333333;2,583333333;2,583333333;2,583333333;2,583333333;2,583333333;2,583333333;2,583333333;2,583333333;2,583333333;2,583333333;2,583333333;2,583333333;2,583333333;2,583333333;2,583333333;2,583333333;2,583333333;2,583333333;2,583333333;2,583333333;2,583333333;2,583333333;2,583333333;2,583333333;2,583333333;2,583333333;2,583333333;2,583333333;2,583333333;2,583333333;2,583333333;2,583333333;2,583333333;2,583333333;2,583333333;2,583333333;2,583333333;2,583333333;2,583333333;2,583333333;2,583333333;2,583333333;2,583333333;2,583333333;2,583333333;2,583333333;2,583333333;2,583333333;2,583333333;2,583333333;2,583333333;2,583333333;2,583333333;2,583333333;2,583333333;2,583333333;2,583333333;2,583333333;2,583333333;2,583333333;2,583333333;2,583333333;2,583333333;2,583333333;2,583333333;2,583333333;2,583333333;2,583333333;2,583333333;2,583333333;2,583333333;2,583333333;2,583333333;2,583333333;2,583333333;2,583333333;2,583333333;2,583333333;2,583333333;2,583333333;2,583333333;2,583333333;2,583333333;2,583333333;2,583333333;2,583333333;2,583333333;2,583333333;2,583333333;2,583333333;2,583333333;2,583333333
2,666666667;2,666666667;2,666666667;2,666666667;2,666666667;2,666666667;2,666666667;2,666666667;2,666666667;2,666666667;2,666666667;2,666666667;2,666666667;2,666666667;2,666666667;2,666666667;2,666666667;2,666666667;2,666666667;2,666666667;2,666666667;2,666666667;2,666666667;2,666666667;2,666666667;2,666666667;2,666666667;2,666666667;2,666666667;2,666666667;2,666666667;2,666666667;2,666666667;2,666666667;2,666666667;2,666666667;2,666666667;2,666666667;2,666666667;2,666666667;2,666666667;2,666666667;2,666666667;2,666666667;2,666666667;2,666666667;2,666666667;2,666666667;2,666666667;2,666666667;2,666666667;2,666666667;2,666666667;2,666666667;2,666666667;2,666666667;2,666666667;2,666666667;2,666666667;2,666666667;2,666666667;2,666666667;2,666666667;2,666666667;2,666666667;2,666666667;2,666666667;2,666666667;2,666666667;2,666666667;2,666666667;2,666666667;2,666666667;2,666666667;2,666666667;2,666666667;2,666666667;2,666666667;2,666666667;2,666666667;2,666666667;2,666666667;2,666666667;2,666666667;2,666666667;2,666666667;2,666666667;2,666666667;2,666666667;2,666666667;2,666666667;2,666666667;2,666666667;2,666666667;2,666666667;2,666666667;2,666666667;2,666666667;2,666666667;2,666666667
2,75;2,75;2,75;2,75;2,75;2,75;2,75;2,75;2,75;2,75;2,75;2,75;2,75;2,75;2,75;2,75;2,75;2,75;2,75;2,75;2,75;2,75;2,75;2,75;2,75;2,75;2,75;2,75;2,75;2,75;2,75;2,75;2,75;2,75;2,75;2,75;2,75;2,75;2,75;2,75;2,75;2,75;2,75;2,75;2,75;2,75;2,75;2,75;2,75;2,75;2,75;2,75;2,75;2,75;2,75;2,75;2,75;2,75;2,75;2,75;2,75;2,75;2,75;2,75;2,75;2,75;2,75;2,75;2,75;2,75;2,75;2,75;2,75;2,75;2,75;2,75;2,75;2,75;2,75;2,75;2,75;2,75;2,75;2,75;2,75;2,75;2,75;2,75;2,75;2,75;2,75;2,75;2,75;2,75;2,75;2,75;2,75;2,75;2,75;2,75
2,833333333;2,833333333;2,833333333;2,833333333;2,833333333;2,833333333;2,833333333;2,833333333;2,833333333;2,833333333;2,833333333;2,833333333;2,833333333;2,833333333;2,833333333;2,833333333;2,833333333;2,833333333;2,833333333;2,833333333;2,833333333;2,833333333;2,833333333;2,833333333;2,833333333;2,833333333;2,833333333;2,833333333;2,833333333;2,833333333;2,833333333;2,833333333;2,833333333;2,833333333;2,833333333;2,833333333;2,833333333;2,833333333;2,833333333;2,833333333;2,833333333;2,833333333;2,833333333;2,833333333;2,833333333;2,833333333;2,833333333;2,833333333;2,833333333;2,833333333;2,833333333;2,833333333;2,833333333;2,833333333;2,833333333;2,833333333;2,833333333;2,833333333;2,833333333;2,833333333;2,833333333;2,833333333;2,833333333;2,833333333;2,833333333;2,833333333;2,833333333;2,833333333;2,833333333;2,833333333;2,833333333;2,833333333;2,833333333;2,833333333;2,833333333;2,833333333;2,833333333;2,833333333;2,833333333;2,833333333;2,833333333;2,833333333;2,833333333;2,833333333;2,833333333;2,833333333;2,833333333;2,833333333;2,833333333;2,833333333;2,833333333;2,833333333;2,833333333;2,833333333;2,833333333;2,833333333;2,833333333;2,833333333;2,833333333;2,833333333
2,916666667;2,916666667;2,916666667;2,916666667;2,916666667;2,916666667;2,916666667;2,916666667;2,916666667;2,916666667;2,916666667;2,916666667;2,916666667;2,916666667;2,916666667;2,916666667;2,916666667;2,916666667;2,916666667;2,916666667;2,916666667;2,916666667;2,916666667;2,916666667;2,916666667;2,916666667;2,916666667;2,916666667;2,916666667;2,916666667;2,916666667;2,916666667;2,916666667;2,916666667;2,916666667;2,916666667;2,916666667;2,916666667;2,916666667;2,916666667;2,916666667;2,916666667;2,916666667;2,916666667;2,916666667;2,916666667;2,916666667;2,916666667;2,916666667;2,916666667;2,916666667;2,916666667;2,916666667;2,916666667;2,916666667;2,916666667;2,916666667;2,916666667;2,916666667;2,916666667;2,916666667;2,916666667;2,916666667;2,916666667;2,916666667;2,916666667;2,916666667;2,916666667;2,916666667;2,916666667;2,916666667;2,916666667;2,916666667;2,916666667;2,916666667;2,916666667;2,916666667;2,916666667;2,916666667;2,916666667;2,916666667;2,916666667;2,916666667;2,916666667;2,916666667;2,916666667;2,916666667;2,916666667;2,916666667;2,916666667;2,916666667;2,916666667;2,916666667;2,916666667;2,916666667;2,916666667;2,916666667;2,916666667;2,916666667;2,916666667
3;3;3;3;3;3;3;3;3;3;3;3;3;3;3;3;3;3;3;3;3;3;3;3;3;3;3;3;3;3;3;3;3;3;3;3;3;3;3;3;3;3;3;3;3;3;3;3;3;3;3;3;3;3;3;3;3;3;3;3;3;3;3;3;3;3;3;3;3;3;3;3;3;3;3;3;3;3;3;3;3;3;3;3;3;3;3;3;3;3;3;3;3;3;3;3;3;3;3;3
3,083333333;3,083333333;3,083333333;3,083333333;3,083333333;3,083333333;3,083333333;3,083333333;3,083333333;3,083333333;3,083333333;3,083333333;3,083333333;3,083333333;3,083333333;3,083333333;3,083333333;3,083333333;3,083333333;3,083333333;3,083333333;3,083333333;3,083333333;3,083333333;3,083333333;3,083333333;3,083333333;3,083333333;3,083333333;3,083333333;3,083333333;3,083333333;3,083333333;3,083333333;3,083333333;3,083333333;3,083333333;3,083333333;3,083333333;3,083333333;3,083333333;3,083333333;3,083333333;3,083333333;3,083333333;3,083333333;3,083333333;3,083333333;3,083333333;3,083333333;3,083333333;3,083333333;3,083333333;3,083333333;3,083333333;3,083333333;3,083333333;3,083333333;3,083333333;3,083333333;3,083333333;3,083333333;3,083333333;3,083333333;3,083333333;3,083333333;3,083333333;3,083333333;3,083333333;3,083333333;3,083333333;3,083333333;3,083333333;3,083333333;3,083333333;3,083333333;3,083333333;3,083333333;3,083333333;3,083333333;3,083333333;3,083333333;3,083333333;3,083333333;3,083333333;3,083333333;3,083333333;3,083333333;3,083333333;3,083333333;3,083333333;3,083333333;3,083333333;3,083333333;3,083333333;3,083333333;3,083333333;3,083333333;3,083333333;3,083333333
3,166666667;3,166666667;3,166666667;3,166666667;3,166666667;3,166666667;3,166666667;3,166666667;3,166666667;3,166666667;3,166666667;3,166666667;3,166666667;3,166666667;3,166666667;3,166666667;3,166666667;3,166666667;3,166666667;3,166666667;3,166666667;3,166666667;3,166666667;3,166666667;3,166666667;3,166666667;3,166666667;3,166666667;3,166666667;3,166666667;3,166666667;3,166666667;3,166666667;3,166666667;3,166666667;3,166666667;3,166666667;3,166666667;3,166666667;3,166666667;3,166666667;3,166666667;3,166666667;3,166666667;3,166666667;3,166666667;3,166666667;3,166666667;3,166666667;3,166666667;3,166666667;3,166666667;3,166666667;3,166666667;3,166666667;3,166666667;3,166666667;3,166666667;3,166666667;3,166666667;3,166666667;3,166666667;3,166666667;3,166666667;3,166666667;3,166666667;3,166666667;3,166666667;3,166666667;3,166666667;3,166666667;3,166666667;3,166666667;3,166666667;3,166666667;3,166666667;3,166666667;3,166666667;3,166666667;3,166666667;3,166666667;3,166666667;3,166666667;3,166666667;3,166666667;3,166666667;3,166666667;3,166666667;3,166666667;3,166666667;3,166666667;3,166666667;3,166666667;3,166666667;3,166666667;3,166666667;3,166666667;3,166666667;3,166666667;3,166666667
3,25;3,25;3,25;3,25;3,25;3,25;3,25;3,25;3,25;3,25;3,25;3,25;3,25;3,25;3,25;3,25;3,25;3,25;3,25;3,25;3,25;3,25;3,25;3,25;3,25;3,25;3,25;3,25;3,25;3,25;3,25;3,25;3,25;3,25;3,25;3,25;3,25;3,25;3,25;3,25;3,25;3,25;3,25;3,25;3,25;3,25;3,25;3,25;3,25;3,25;3,25;3,25;3,25;3,25;3,25;3,25;3,25;3,25;3,25;3,25;3,25;3,25;3,25;3,25;3,25;3,25;3,25;3,25;3,25;3,25;3,25;3,25;3,25;3,25;3,25;3,25;3,25;3,25;3,25;3,25;3,25;3,25;3,25;3,25;3,25;3,25;3,25;3,25;3,25;3,25;3,25;3,25;3,25;3,25;3,25;3,25;3,25;3,25;3,25;3,25
3,333333333;3,333333333;3,333333333;3,333333333;3,333333333;3,333333333;3,333333333;3,333333333;3,333333333;3,333333333;3,333333333;3,333333333;3,333333333;3,333333333;3,333333333;3,333333333;3,333333333;3,333333333;3,333333333;3,333333333;3,333333333;3,333333333;3,333333333;3,333333333;3,333333333;3,333333333;3,333333333;3,333333333;3,333333333;3,333333333;3,333333333;3,333333333;3,333333333;3,333333333;3,333333333;3,333333333;3,333333333;3,333333333;3,333333333;3,333333333;3,333333333;3,333333333;3,333333333;3,333333333;3,333333333;3,333333333;3,333333333;3,333333333;3,333333333;3,333333333;3,333333333;3,333333333;3,333333333;3,333333333;3,333333333;3,333333333;3,333333333;3,333333333;3,333333333;3,333333333;3,333333333;3,333333333;3,333333333;3,333333333;3,333333333;3,333333333;3,333333333;3,333333333;3,333333333;3,333333333;3,333333333;3,333333333;3,333333333;3,333333333;3,333333333;3,333333333;3,333333333;3,333333333;3,333333333;3,333333333;3,333333333;3,333333333;3,333333333;3,333333333;3,333333333;3,333333333;3,333333333;3,333333333;3,333333333;3,333333333;3,333333333;3,333333333;3,333333333;3,333333333;3,333333333;3,333333333;3,333333333;3,333333333;3,333333333;3,333333333
3,416666667;3,416666667;3,416666667;3,416666667;3,416666667;3,416666667;3,416666667;3,416666667;3,416666667;3,416666667;3,416666667;3,416666667;3,416666667;3,416666667;3,416666667;3,416666667;3,416666667;3,416666667;3,416666667;3,416666667;3,416666667;3,416666667;3,416666667;3,416666667;3,416666667;3,416666667;3,416666667;3,416666667;3,416666667;3,416666667;3,416666667;3,416666667;3,416666667;3,416666667;3,416666667;3,416666667;3,416666667;3,416666667;3,416666667;3,416666667;3,416666667;3,416666667;3,416666667;3,416666667;3,416666667;3,416666667;3,416666667;3,416666667;3,416666667;3,416666667;3,416666667;3,416666667;3,416666667;3,416666667;3,416666667;3,416666667;3,416666667;3,416666667;3,416666667;3,416666667;3,416666667;3,416666667;3,416666667;3,416666667;3,416666667;3,416666667;3,416666667;3,416666667;3,416666667;3,416666667;3,416666667;3,416666667;3,416666667;3,416666667;3,416666667;3,416666667;3,416666667;3,416666667;3,416666667;3,416666667;3,416666667;3,416666667;3,416666667;3,416666667;3,416666667;3,416666667;3,416666667;3,416666667;3,416666667;3,416666667;3,416666667;3,416666667;3,416666667;3,416666667;3,416666667;3,416666667;3,416666667;3,416666667;3,416666667;3,416666667
3,5;3,5;3,5;3,5;3,5;3,5;3,5;3,5;3,5;3,5;3,5;3,5;3,5;3,5;3,5;3,5;3,5;3,5;3,5;3,5;3,5;3,5;3,5;3,5;3,5;3,5;3,5;3,5;3,5;3,5;3,5;3,5;3,5;3,5;3,5;3,5;3,5;3,5;3,5;3,5;3,5;3,5;3,5;3,5;3,5;3,5;3,5;3,5;3,5;3,5;3,5;3,5;3,5;3,5;3,5;3,5;3,5;3,5;3,5;3,5;3,5;3,5;3,5;3,5;3,5;3,5;3,5;3,5;3,5;3,5;3,5;3,5;3,5;3,5;3,5;3,5;3,5;3,5;3,5;3,5;3,5;3,5;3,5;3,5;3,5;3,5;3,5;3,5;3,5;3,5;3,5;3,5;3,5;3,5;3,5;3,5;3,5;3,5;3,5;3,5
3,583333333;3,583333333;3,583333333;3,583333333;3,583333333;3,583333333;3,583333333;3,583333333;3,583333333;3,583333333;3,583333333;3,583333333;3,583333333;3,583333333;3,583333333;3,583333333;3,583333333;3,583333333;3,583333333;3,583333333;3,583333333;3,583333333;3,583333333;3,583333333;3,583333333;3,583333333;3,583333333;3,583333333;3,583333333;3,583333333;3,583333333;3,583333333;3,583333333;3,583333333;3,583333333;3,583333333;3,583333333;3,583333333;3,583333333;3,583333333;3,583333333;3,583333333;3,583333333;3,583333333;3,583333333;3,583333333;3,583333333;3,583333333;3,583333333;3,583333333;3,583333333;3,583333333;3,583333333;3,583333333;3,583333333;3,583333333;3,583333333;3,583333333;3,583333333;3,583333333;3,583333333;3,583333333;3,583333333;3,583333333;3,583333333;3,583333333;3,583333333;3,583333333;3,583333333;3,583333333;3,583333333;3,583333333;3,583333333;3,583333333;3,583333333;3,583333333;3,583333333;3,583333333;3,583333333;3,583333333;3,583333333;3,583333333;3,583333333;3,583333333;3,583333333;3,583333333;3,583333333;3,583333333;3,583333333;3,583333333;3,583333333;3,583333333;3,583333333;3,583333333;3,583333333;3,583333333;3,583333333;3,583333333;3,583333333;3,583333333
3,666666667;3,666666667;3,666666667;3,666666667;3,666666667;3,666666667;3,666666667;3,666666667;3,666666667;3,666666667;3,666666667;3,666666667;3,666666667;3,666666667;3,666666667;3,666666667;3,666666667;3,666666667;3,666666667;3,666666667;3,666666667;3,666666667;3,666666667;3,666666667;3,666666667;3,666666667;3,666666667;3,666666667;3,666666667;3,666666667;3,666666667;3,666666667;3,666666667;3,666666667;3,666666667;3,666666667;3,666666667;3,666666667;3,666666667;3,666666667;3,666666667;3,666666667;3,666666667;3,666666667;3,666666667;3,666666667;3,666666667;3,666666667;3,666666667;3,666666667;3,666666667;3,666666667;3,666666667;3,666666667;3,666666667;3,666666667;3,666666667;3,666666667;3,666666667;3,666666667;3,666666667;3,666666667;3,666666667;3,666666667;3,666666667;3,666666667;3,666666667;3,666666667;3,666666667;3,666666667;3,666666667;3,666666667;3,666666667;3,666666667;3,666666667;3,666666667;3,666666667;3,666666667;3,666666667;3,666666667;3,666666667;3,666666667;3,666666667;3,666666667;3,666666667;3,666666667;3,666666667;3,666666667;3,666666667;3,666666667;3,666666667;3,666666667;3,666666667;3,666666667;3,666666667;3,666666667;3,666666667;3,666666667;3,666666667;3,666666667
3,75;3,75;3,75;3,75;3,75;3,75;3,75;3,75;3,75;3,75;3,75;3,75;3,75;3,75;3,75;3,75;3,75;3,75;3,75;3,75;3,75;3,75;3,75;3,75;3,75;3,75;3,75;3,75;3,75;3,75;3,75;3,75;3,75;3,75;3,75;3,75;3,75;3,75;3,75;3,75;3,75;3,75;3,75;3,75;3,75;3,75;3,75;3,75;3,75;3,75;3,75;3,75;3,75;3,75;3,75;3,75;3,75;3,75;3,75;3,75;3,75;3,75;3,75;3,75;3,75;3,75;3,75;3,75;3,75;3,75;3,75;3,75;3,75;3,75;3,75;3,75;3,75;3,75;3,75;3,75;3,75;3,75;3,75;3,75;3,75;3,75;3,75;3,75;3,75;3,75;3,75;3,75;3,75;3,75;3,75;3,75;3,75;3,75;3,75;3,75
3,833333333;3,833333333;3,833333333;3,833333333;3,833333333;3,833333333;3,833333333;3,833333333;3,833333333;3,833333333;3,833333333;3,833333333;3,833333333;3,833333333;3,833333333;3,833333333;3,833333333;3,833333333;3,833333333;3,833333333;3,833333333;3,833333333;3,833333333;3,833333333;3,833333333;3,833333333;3,833333333;3,833333333;3,833333333;3,833333333;3,833333333;3,833333333;3,833333333;3,833333333;3,833333333;3,833333333;3,833333333;3,833333333;3,833333333;3,833333333;3,833333333;3,833333333;3,833333333;3,833333333;3,833333333;3,833333333;3,833333333;3,833333333;3,833333333;3,833333333;3,833333333;3,833333333;3,833333333;3,833333333;3,833333333;3,833333333;3,833333333;3,833333333;3,833333333;3,833333333;3,833333333;3,833333333;3,833333333;3,833333333;3,833333333;3,833333333;3,833333333;3,833333333;3,833333333;3,833333333;3,833333333;3,833333333;3,833333333;3,833333333;3,833333333;3,833333333;3,833333333;3,833333333;3,833333333;3,833333333;3,833333333;3,833333333;3,833333333;3,833333333;3,833333333;3,833333333;3,833333333;3,833333333;3,833333333;3,833333333;3,833333333;3,833333333;3,833333333;3,833333333;3,833333333;3,833333333;3,833333333;3,833333333;3,833333333;3,833333333
3,916666667;3,916666667;3,916666667;3,916666667;3,916666667;3,916666667;3,916666667;3,916666667;3,916666667;3,916666667;3,916666667;3,916666667;3,916666667;3,916666667;3,916666667;3,916666667;3,916666667;3,916666667;3,916666667;3,916666667;3,916666667;3,916666667;3,916666667;3,916666667;3,916666667;3,916666667;3,916666667;3,916666667;3,916666667;3,916666667;3,916666667;3,916666667;3,916666667;3,916666667;3,916666667;3,916666667;3,916666667;3,916666667;3,916666667;3,916666667;3,916666667;3,916666667;3,916666667;3,916666667;3,916666667;3,916666667;3,916666667;3,916666667;3,916666667;3,916666667;3,916666667;3,916666667;3,916666667;3,916666667;3,916666667;3,916666667;3,916666667;3,916666667;3,916666667;3,916666667;3,916666667;3,916666667;3,916666667;3,916666667;3,916666667;3,916666667;3,916666667;3,916666667;3,916666667;3,916666667;3,916666667;3,916666667;3,916666667;3,916666667;3,916666667;3,916666667;3,916666667;3,916666667;3,916666667;3,916666667;3,916666667;3,916666667;3,916666667;3,916666667;3,916666667;3,916666667;3,916666667;3,916666667;3,916666667;3,916666667;3,916666667;3,916666667;3,916666667;3,916666667;3,916666667;3,916666667;3,916666667;3,916666667;3,916666667;3,916666667
4;4;4;4;4;4;4;4;4;4;4;4;4;4;4;4;4;4;4;4;4;4;4;4;4;4;4;4;4;4;4;4;4;4;4;4;4;4;4;4;4;4;4;4;4;4;4;4;4;4;4;4;4;4;4;4;4;4;4;4;4;4;4;4;4;4;4;4;4;4;4;4;4;4;4;4;4;4;4;4;4;4;4;4;4;4;4;4;4;4;4;4;4;4;4;4;4;4;4;4
