28;28;28;28;28;28;28;28;28;28;28;28;28;28;28;28;28;28;28;28;28;28;28;28;28;28;28;28;28;28;28;28;28;28;28;28;28;28;28;28;28;28;28;28;28;28;28;28;28;28;28;28;28;28;28;28;28;28;28;28;28;28;28;28;28;28;28;28;28;28;28;28;28;28;28;28;28;28;28;28;28;28;28;28;28;28;28;28;28;28;28;28;28;28;28;28;28;28;28;28
40,06;46,54;37,36;42,69;46,3;40,65;44,25;35,97;34,83;35,75;37,06;40,71;30,51;47,98;44,42;38,06;39,78;35,07;40,06;40,81;33,32;44,25;41,52;33,06;39,18;44,73;45,23;39,49;39,37;40,24;45,39;46,37;36,72;39,02;39,22;37,86;40,66;34,4;41,27;42,62;51,81;40,11;47,19;40,85;41,99;32,17;40,49;35,2;42,77;39,8;29,73;48,6;37,33;31,54;33,09;44,05;43,77;35,02;38,94;37,52;36,01;36,57;36,64;40,1;40,1;40,25;34,05;40,52;42,42;38,33;38,65;38,49;33,77;39,31;43,4;35,06;34,86;42,83;39,73;36,76;42,79;39,92;35,16;36,02;39,23;33,28;39,8;28,75;39,28;39,99;33,43;44,46;45,73;44,83;41,46;33,06;40,31;39,61;36,26;33,22
54,38;63,16;46,13;50,09;76,83;63,16;59,59;34,83;37,52;49,3;43,17;63,13;37,6;67,26;68,41;58,25;49,06;46,84;47,22;48,26;48,66;52,96;59,88;49,24;55,37;64,22;54,18;53,42;57;56,35;59,67;48,66;53,93;61,8;48,1;58,86;66,7;45,34;55,67;73,59;78,22;71,97;77,92;48,52;54,65;37,77;55,16;47,74;58,35;49,99;41,23;66,8;51,6;38,24;47,35;57,03;67,74;38,12;50,33;52,09;43,59;50,04;51,74;53;50,13;60,3;41,73;46,51;65,93;57,01;57,2;58,91;47,2;51,51;82,29;46,9;46,95;58,26;54,11;62,24;65,63;57,6;46,93;47,7;60,19;40,59;55,78;34,41;65,35;66,15;56,67;62,31;63,85;66,85;50,55;39,54;53,28;58,57;56,64;41,15
58,36;96,63;56,85;71,73;103,5;85,08;82,52;41,11;48,11;52,26;61,32;110,46;41,03;109,58;95,38;76,76;60,52;68,07;56,2;58,01;67,07;59,54;68,19;67,82;70,61;84,49;71,12;62,37;72,79;81,83;97,91;58,64;65,52;85,58;59,97;93,92;81,08;57,04;62;88,68;115,57;105,65;115,3;66,41;77,46;44;66,5;48,82;76,53;64,58;57,26;97,04;70,98;48,68;51,23;72,38;99,98;47,77;68,54;69,14;62,89;56,4;55,88;73,02;68,67;78,65;48,61;59,43;73,53;66,18;80,49;74,25;59,69;67,65;117,02;58,99;62,4;82,67;67,19;82,61;95,07;93,3;61,24;69,68;78,8;60,5;73,51;43,91;93,5;85,04;72,7;97,57;74,73;77,05;58,54;53,49;77,55;61,92;65,97;51,48
64,95;123,21;66,87;106,74;116,34;86,71;105,98;47,33;60,7;73,79;63,03;140,36;42,67;174,83;119,37;101,42;82,51;93,56;71,41;73,05;81,83;70,18;78,35;84,68;84,12;124,52;97,42;74,92;109,07;99,46;127,55;71,72;70,91;102,51;72,68;127,83;103,85;76,16;94,58;135,56;157,01;137;144,8;78,07;91,45;51,28;80,69;70,81;94,64;82,5;64,66;116,92;86,21;62,21;60,71;88,78;119,66;60,76;89,33;80,83;71,16;70,74;69,31;92,83;99,64;96,33;66,73;78,28;78,34;95,02;91,85;104,14;80,39;83,16;155,86;67,34;82,59;121,33;95,21;98,55;106,11;118,82;77,68;82,92;110,46;78,8;92,8;60,76;125,61;88,72;96,83;137,17;109,72;103,16;69,37;66,06;98,87;72,08;74,42;70,11
78,28;160,98;88,71;136,87;131,76;120,6;135,32;56,2;56,67;87,54;76,63;180,6;56,31;223,62;139,12;145,17;91,07;119,85;83,28;90,01;103,28;89,43;100,73;103,87;120,18;155,6;122,14;91,88;114,8;115,39;154,44;85,08;82,69;119,28;80,88;175,82;113,6;98,38;104,63;160,1;197,42;181,13;197,77;98,08;103,39;58,03;92,02;84,53;105,13;102,54;70,12;183,59;100,54;71,16;87,18;117,61;142,22;70,37;108,14;109,07;88;87,49;74,9;131,6;135,43;129,83;82,75;108,95;98,41;115,4;106,58;137,21;91,68;110,81;187,98;103,29;91,04;134,4;112,33;125,61;132,9;157,04;94,09;115,21;151,67;100,7;114,72;76,46;139,99;115,94;120,32;176,77;133,96;127,36;66,03;85,58;114,72;89,93;83,15;85,98
96,63;172,75;100,89;182,99;161,69;133,48;158,3;58,96;63,71;98,92;99,09;195,12;56,1;261,34;151,44;149,92;122,11;150,75;98,43;111,28;120,11;136,35;126,23;113,33;143,96;160,13;147,9;108,35;123,65;130,38;180,32;95,78;109,42;128,53;113,36;197,74;148,36;121,8;108,02;199,39;283,66;209,68;272,26;124,58;101,53;64,15;114,9;93,89;133,85;105,08;85,51;250,07;105,82;95,72;100,66;137,99;165,89;94,81;143,16;116,87;99,15;106,49;73,73;142,4;132,89;145,9;92,89;137,74;120,18;136,05;121,9;175,52;88,64;132,02;242,06;147,69;105,35;167,44;128,91;154,24;144,58;217,26;112,47;129,29;186,84;147,55;160,36;87,68;180,81;141,11;161,47;207,67;159,76;141,64;73,81;109,41;122,37;106,39;114,57;94,39
122,31;215,64;115,2;259,12;202,3;144,27;218,73;67,01;75,19;134,46;109,82;239,1;64,53;283,44;182,12;168,85;147,64;207;117,43;124,76;136,22;166,69;142,8;121,74;167,5;177,38;172,1;121,84;132,92;147,15;259,19;113,07;111,75;173,42;152,11;211,73;157,2;144,41;122,07;211,82;309,8;267,97;311,46;174,55;124;70,11;135,05;107,44;143,44;133,51;97,3;309,51;131,91;125,67;117,43;139,98;192,8;114,79;167,69;136,42;107,44;136,48;79;153,36;163,62;178,83;98,23;149,44;139,6;150,84;149,97;220,66;98,23;164,65;254,41;179,39;103,43;223,84;145,15;188,33;166,39;233,22;156,4;145,83;201,76;150,23;160,35;100,2;236,59;155,32;198,22;247,78;199,59;142,84;79,59;143,24;159,14;106,1;152,74;110,12
142,96;260,74;146,81;262,01;277,22;168,72;280,57;78,53;86,34;180,65;131,41;263,7;80,95;381,69;251,73;208,87;182,66;216,76;147,57;161,02;156,5;157,42;195,8;129;199,37;210,97;188,85;130;159,43;141,04;292,48;139,89;123,38;181;178,33;249,62;170,01;156,65;153,1;264,43;346,67;276,46;359,03;195,49;168,39;81,64;158,8;112,82;179,7;152,07;116,41;402,12;170,84;163,35;147,54;149,13;229,55;131,33;176,62;145,13;147,45;172,7;67,29;179,8;209,49;193,29;131,31;177,91;175,58;152,21;173,95;256,89;118,89;228,24;326,24;200,45;111,75;289,45;167,17;215,93;201,52;255,78;217,38;166,76;242,65;194,49;187,19;116,3;239,83;170,43;275,12;269,56;256,25;147,83;94,36;191,19;179,4;142,18;179,6;115,02
179,79;279,98;151,56;233,25;292,38;196,06;322,13;86,43;92,87;224,33;127,16;350,38;76,04;412,9;283,66;226,12;207,27;292,3;134,48;193,83;172,73;166,18;224,93;161,96;206,06;241,02;241,83;150,85;166,66;155,15;289,9;149,48;151,92;190,23;175,66;301,88;206,28;185,31;147,11;353,31;403,28;354,23;380,55;196,54;207,28;85,91;185,36;121,83;193,95;171,64;101,77;463,52;196,74;177,12;160,39;174,12;258,91;174,02;192,81;155,68;147,06;213;89,44;206,29;254,99;256,89;149,62;194;193,68;170,69;186,75;293,08;146,72;246,11;341,72;259,06;129,33;302,29;193,46;246,77;232,25;288,98;210,86;184,36;281,52;214,83;226,93;124,99;298,31;209,09;292,12;304,26;300,05;183,69;99,46;186,06;192,88;206,82;210,87;121,86
199,36;300,77;175,86;280,84;369,51;237,96;412,81;93,93;94,92;256,89;154,33;319,61;92,18;453,85;327,83;217,64;214,69;342,32;171,74;214,61;207,34;201,56;257,61;211,26;267,4;284,06;274,25;160,32;203,65;187,07;299,81;152,03;180,65;250,57;190,11;322,75;245,36;214,38;165,42;372,24;428,46;405,8;411,04;235;224,14;103,75;209,02;120,03;248,55;216,2;121,69;483;225,7;198,53;184,22;196,26;257,36;224,41;222,97;149,73;182,57;246,9;129,3;210,93;267,87;285,85;169,72;260,51;215,52;196,03;220,66;298,26;158,11;293,5;415,85;252,07;139,92;332,27;183,93;286,31;307,24;346,16;232,92;232,62;371,98;257,08;240,71;160,47;310,03;225,08;294,75;308,34;326,82;202,64;121,38;183,89;226,74;197,02;255,91;144,58
213,52;365,42;200,57;323,17;384,06;253,72;507,91;109,85;108,25;259,86;183,23;281,11;101,4;443,69;321,31;220,31;221,04;340,69;194,67;279,78;255,45;214,65;294,22;240,94;296,99;320,1;280,53;182,93;221,85;199,07;326,38;164,41;227,41;286,69;212,4;378,19;299,33;247,83;183,28;432,13;446,36;502,95;458,03;273,6;308,45;126,19;226,28;121,36;260,49;227,05;153,34;504,31;243,48;246,51;236,37;248,6;273,57;292,95;238,12;182,8;174,52;273,22;153,19;208,92;289,77;314,98;207,54;303,41;221,22;260,31;230,51;334,84;157,79;334;401,85;276,01;170,99;346,57;247,54;303,46;401,36;378,22;259,94;239,85;419,23;319,19;297,53;197,33;370,9;281,73;298,89;363,31;367,23;241,66;135,96;195,05;246,26;217,9;252,72;141,64
238,64;330,39;225,59;289,86;406,7;296,23;482,81;120,57;119,93;262,97;187,31;332,88;111,41;487,67;370,39;271,63;243,08;334,88;209,27;345,62;286,29;225,1;299,3;270,6;252,86;418,63;263,35;197,3;247,66;196,09;387,66;183,56;255,22;301,72;265,62;414,54;330,93;250,02;200,7;455,99;432,63;546,99;474,19;309,71;289,94;129,72;258,05;153,16;316,33;328,26;167,07;450,56;254,99;250,77;215,57;252,61;337,49;257,63;269,63;229,79;202,78;255,46;161,16;237,11;307,65;318,04;235,65;328,56;289,31;346,4;274,27;466,38;176,25;334,81;405,79;327,5;198,69;364,24;262,07;325,15;408,65;492,73;277,04;284,68;484,2;396,43;341,47;177,95;455,48;300,12;302,07;403,8;358,79;264,65;154,88;194,73;227,01;233,51;307,09;179,01
240,63;382,79;273,14;345,13;388,21;357,11;552,09;134,03;124,28;269,26;232,58;352,62;111,65;443,63;423,87;296,43;239,25;373,73;202,75;440,91;290,68;213,29;331,99;309,52;281,33;392,02;257,5;195,02;236,44;199,41;405,98;181,88;261,23;344,55;237,35;487,75;352,32;277,57;230,59;519,03;453,17;586,94;547,17;333,04;319,4;182,18;334,77;150,29;374,84;369,54;208,31;477,65;329,74;314,16;252;309,8;361,44;267,42;292,84;267,34;262,09;258,7;186,34;237,29;380,4;346,25;229,28;362,52;334,68;295,82;266,84;440,97;179,37;356,41;376,38;331,95;267,72;439,65;333,93;309,4;417,69;457,77;292,66;350,51;436,03;433,37;438,5;200,9;480,46;256,59;335,15;449,32;403,43;278,26;191,47;194,08;268,01;273,51;320,68;229,29
221,79;359,1;318,41;373,47;420,18;354,84;602,25;139,2;133,14;316,94;249,71;393,54;117,28;516,69;489;325,56;258,94;389,42;218,7;534,78;282,59;219,3;382,24;319,14;332,56;414,36;317,79;210,48;262,25;209,09;453,71;201,12;270,9;365,89;316,8;496,22;420,58;306,17;267,23;540,99;496,63;574,38;546,32;364,83;338,52;180,96;363,92;167,63;347,72;467,5;250,78;511,42;337,8;330,06;297,91;317,28;384,5;304,25;291,41;290,47;224,58;263,84;196,61;253,8;345,92;457,72;223,18;394,38;405,8;365,94;311,35;415,68;185,35;365,87;415,32;332,89;287,4;405,79;353,97;378,94;431,79;489,11;262,68;364,94;577,62;476,4;486,82;230,87;517,91;257,7;389,49;481,36;361,17;321,8;206,01;226,88;329,78;266,98;400,28;244,94
254,2;343,88;314,91;376,67;481,85;307,17;592,21;152,16;167,06;312,12;293,76;473,47;121,09;490,6;547,83;360,26;277,61;441,91;248,56;486,33;304,09;247,97;431,65;307,6;344,96;436;336,5;234,71;275,2;202,2;368,66;253,3;266,57;367,07;348,48;566,07;393,5;333,28;306,62;585,5;574,41;657,27;531,59;357,71;399,76;219,72;376,27;176,84;299,63;491,01;266,7;600,38;300,31;339,37;298,21;422,03;397,63;314,66;291,31;346,82;273,69;298,3;195,36;250,97;364,34;472,76;246,7;441,75;436,03;374,19;372,96;442,45;225,32;384,13;501,28;362,47;353,01;544,64;387,3;431,98;510,66;558,41;281,34;378,11;547,25;445,09;469,04;248,21;603,06;253,26;399,75;595,74;378,73;320,77;222,78;244,76;370,98;317,78;465,33;257,98
313,26;362,17;295,9;363,54;504,06;305,06;593,34;181,52;178,72;345,98;325,24;521,05;131,93;516,91;583,68;448,94;372,77;528,26;284,51;628,23;314,05;277,89;489,39;321,23;415,18;502,35;380,37;259,95;293,4;225,01;419,01;326,48;241,61;411,5;356,86;547,41;344,96;283,74;313,3;525,87;580,61;678,47;613,87;355,5;373,78;255,42;372,62;210,36;316,99;590,3;297,41;633,65;296,99;345,17;323,06;416,08;466,15;320,78;288,82;402,07;312,43;305,2;226,52;273,36;363,64;415,21;271,63;453,71;493,25;404,36;383,29;433,74;205,56;431,4;530,15;346,02;337,24;573,74;436,74;512,03;471,36;613,9;360,12;391,59;524,48;559,24;491,06;284,35;560,03;248,24;397,81;750,99;394,08;368,06;244,35;271,91;380,58;360,76;415,1;266,77
342,08;372,1;328,21;372,66;595,19;338,57;576,21;221,83;217,5;433,21;377,8;510,63;133,81;613,97;598,49;449,39;394,89;582,5;317,97;614,1;316,28;307,54;611,71;362,94;418,9;513,99;365,17;279,94;353,45;254,48;507,42;302,47;256,9;501,85;416,92;509,97;383,44;349,64;331,01;664,37;583,98;773,4;625,79;365,85;371,22;249,2;488,54;272,63;311,75;554,04;277,2;653,93;301,89;403,11;326,28;371,82;521,64;375,37;329,74;396,01;355,1;345,02;257,8;230,01;379,44;448,08;281,6;422,4;461,55;367,65;481,1;416,17;231,43;489,23;598,39;330,72;345,83;570,77;491,18;553,94;440,6;621,14;443,65;400,67;628,86;586,35;636,8;329,3;548,52;287,33;420,62;649,26;387,92;343,77;316,45;287,2;359,75;404,09;419,07;268
377,51;426,47;344,4;383,93;514,65;344,76;663,91;204,53;223,7;469,57;399,57;464,62;149,01;710;628,17;469,06;355,46;508,96;326,41;595,26;348,34;310,65;560,24;379,3;433,37;658,85;410,07;358,91;325,49;282,57;547,8;337,9;264,69;613,85;409,59;609,4;347,6;457,31;351,54;722,28;580,07;769,14;646,27;390,8;339;280,18;521,81;277,14;349,57;615,56;299,13;651,56;312,26;394,7;331,62;507,65;575,46;399,77;323,77;505,04;374,95;381,65;315,42;214,66;427,59;452,14;265,3;436,79;468,16;424,4;456,68;509,74;229,33;503,46;567,37;384,24;424,04;651,06;512,68;648,13;432,66;593,27;464,98;425,24;646,14;619,41;759,03;377,25;633,77;346,25;475,65;682,44;405,81;371,24;312,32;292,29;366,96;418,1;420,8;293,93
404,95;464,24;304,73;436,24;462,8;363,53;580,02;243,52;257,31;479,79;428,98;550,53;144,6;761,43;709,87;542,21;377,82;433,37;329,03;598,53;356,97;334,97;522,46;344,15;435,61;654,9;459,71;305,21;321,91;328,75;473,98;403,36;265,29;592,23;441,36;572,36;373,04;507,32;347,96;780,1;546,37;802,01;702,04;405,85;389,43;290,96;477,01;326,17;446,54;684,41;287,44;731,69;350,26;451,72;324,89;511,02;460,3;391,27;373,11;561,24;425,33;359,29;354,58;222,39;416,15;576,25;232,07;434,05;436,73;467,45;422,78;525,96;234,72;525,63;513,45;392,61;529,36;709,97;506,11;686,11;377,57;555,02;474,96;417,08;602,03;617,53;813,71;420,96;622,88;400,11;497,26;735,98;360,39;326,01;312;336,22;359,01;429,21;376,61;281,48
433,18;542,86;328,16;442,21;460,72;390,1;571,18;235,22;300,94;481,88;439,78;470,23;134,5;792,85;676,91;580,34;408,16;531,81;370,42;552,93;358,64;406,86;494,67;376,39;444,59;687,97;557,17;369,88;379,61;357,95;436,12;395,98;283,61;634,59;441,57;618,6;377,95;579,73;346,13;865,62;669,49;827,65;726,23;394,04;382,96;294,72;420,28;326,46;459,3;803,75;319,03;650,39;347,7;481,09;328,97;545,11;515,16;409,47;446,32;592,67;434,78;365,99;393,13;219,93;472,31;516,88;261,82;476,75;402,43;508,93;406,26;478,97;267,73;489,3;532,67;435,3;541,91;734,62;602,22;752,17;449,76;551,92;450,76;387,64;741,46;519,4;958,03;373,57;554,45;422,53;540,34;762,01;423,3;297,09;342,83;329,26;428,9;454,08;429,96;273,27
422,8;522,73;329,92;461,31;445,89;378,57;647,87;213,52;283,46;517,56;412,13;517,19;153,51;897,98;642,92;546,57;398,57;502,17;432,25;554,61;411,88;410,56;507,4;396,55;518,59;805,94;483,4;351,11;415,04;364,18;477,54;396,07;300,13;610,26;459,24;597,08;412,12;659,41;374,72;842,6;715,56;872,15;695,22;451,91;396,64;336,3;469,23;342,41;462,72;730,47;280,91;611,25;355,86;563,16;331,07;514,07;563;434,07;490,73;596,44;461,38;413,66;485,31;232,49;466,75;540,25;271,33;423,12;387,27;530;438,46;420,53;309,67;579,14;589,11;368,92;531,46;714,22;661,59;837,95;503,39;509,74;461,93;437,51;710,53;566,6;970,07;408,34;568,2;475,85;564,85;901,72;476,93;295,62;344,86;422,94;458,48;425,88;427,89;278,25
413,86;579,13;368,15;523,09;400,04;388,92;667,2;228,45;302,36;488,43;422,18;558,55;168,42;970,06;603,3;485,12;403,78;518,88;494,57;610,1;428,62;417,64;466,31;408,66;511,75;859,15;469,39;369,97;405,84;387,44;479,64;418,99;369,12;572,42;476,5;577,58;435,08;623,79;351,86;690,58;705,75;800,14;673,2;498,82;385,58;350,35;507,52;375,43;567,72;873,23;269,29;521,39;396,19;588,6;319,26;567,99;530,75;392,98;549,46;606,06;513,29;403,24;490,94;231,32;495,86;603,57;310,16;576,44;385,68;565,4;477,24;476,46;335,75;571,31;573,56;427,3;497,3;760,63;701,51;719,42;533,93;552,25;508,33;447,53;567,17;635,05;875,32;406,79;541,65;398,81;541,75;811,37;477,96;292,38;365,37;496,85;487;449,98;441,3;297,84
378,58;613,84;417,07;634,77;390,38;419,79;775,34;281,73;299,87;465,1;389,08;507,49;167,72;864,73;598,05;536,37;378,36;543,33;514,81;693,36;450,26;398,54;495,79;468,91;455,32;851,81;476,72;364,48;442,66;372,51;460,1;447,99;433,54;509,48;412,02;534,82;453,94;657,87;345,14;695,03;761,74;829,37;732,35;592,04;384,3;408,5;546,62;383,46;632,48;816,92;309,36;512,99;414,6;551,78;337,09;615,29;564,08;333,04;641,69;691,81;465,32;403,78;516,32;203,76;481,56;601,61;274,31;549,65;393,47;567;553,12;503,06;413,96;666,83;558,33;590,38;528,5;737,79;704,5;695,56;480,47;557,62;507,15;464,21;656,36;618,28;853,28;428,48;606,22;398,69;522,55;791,98;472,39;301,63;365,02;471,19;492,37;469,67;450,55;315,16
362,72;748,32;393,65;612,26;349,75;461,59;735;277,43;359,97;432,31;425,07;485,98;202,39;846,23;607,55;543,82;428,05;551,1;511,73;643,3;485,39;383,72;515,07;464,64;508,89;885,2;423;361,36;492,69;345,85;425,25;395,36;425,03;560,46;455,37;495,01;514,07;544,41;347,16;668,75;804,22;962,97;760,77;622,28;372,25;428,76;562,61;449,54;680,77;759,76;311,31;597,81;450,18;581,52;365,23;678,05;546,38;334,99;603,19;724,65;472,73;452,19;493,79;219,86;546,83;592,12;275,41;523,17;419,6;626,46;540,1;540,23;373,12;762,91;496,47;589,3;526,72;677,18;717,84;791,05;516,04;485,26;592,07;497,24;677,8;671,27;956,43;441,14;667,16;435,83;602,05;823,75;463,34;350,91;372,95;440,3;488,88;509,3;521,77;284,19
391,89;641,91;447,17;553,64;396,01;505,4;746,68;292,75;372,51;492,41;468,79;469,96;233,32;845,07;578,86;591,14;481,38;605,27;550,11;734,91;488,7;415,32;462,69;420,84;585,2;764,63;369,73;422,19;481,57;353,25;456,42;476,43;434,76;547,05;522,72;467,29;459;592,94;385,04;621,1;790,14;974,07;755,68;675,48;410,34;434,9;592,32;503,76;636,23;654,56;349,37;633,78;474,53;605,14;419,59;594,43;711,41;359,82;579,86;691,27;456,44;443,61;446,25;254,81;509,72;587,97;286,89;533,74;481,31;604,29;617,98;553,95;383,57;791,42;524,91;571,3;480,33;659,53;680,94;809,07;520,76;558,24;530,04;511,74;689,53;660,1;855,71;476,24;672,35;414,77;636,84;959,16;449,33;363,59;386,92;467,45;600,84;465,05;521,53;320,88
416,52;586,31;461,72;584,03;417,46;524,88;754,41;302,52;421,21;458,23;560,25;463,81;259,44;789,48;569,38;545,69;472,11;563,26;537,75;748,74;429,03;395,3;567,46;436,11;620,15;639,06;459,1;422,77;519,19;350,11;407,58;506,1;454,48;554,85;603,51;525,89;448,55;631,2;402,21;698,39;751,22;978,26;733,46;753,75;368,46;477,29;563,26;559,59;599,18;647,22;344,99;600,66;512,58;585,68;433,43;582,67;736,03;412,25;558,96;821,04;463,57;477,35;411,96;286,77;459,59;573,84;321,3;565,28;470,84;533,32;604,57;577,77;476,88;811,8;573,86;556,96;513,37;726,31;741,98;856,03;564,3;683,39;597,61;526,49;638,26;738,3;916,83;485,25;645,75;457,34;540,31;977,23;420,49;363,59;359,9;529,83;569,43;558,06;586,11;333,86
409,36;632,15;442,32;670,91;464,42;506,49;681,59;278,66;421,02;458,24;536,08;523,35;300,8;882,67;639,68;636,79;508,46;538,4;541;748,7;425,28;401,62;539,59;470,65;582,87;544,06;489,75;404,95;558,65;388,22;432,93;507,38;459,1;514,46;672,89;580,05;450,78;716,52;438,3;739,2;797,69;964,51;699,32;610,35;337,83;532,25;660,26;500,96;535,57;642,19;396,9;529,42;472,15;640,29;453,54;507,19;701,34;403,11;566,97;777,6;496,43;435,69;409,08;274,42;490,85;561,94;347,51;541,71;469,41;531,63;587,58;567,52;492,98;844,46;561,98;575,15;558,72;678,16;865,46;747,69;588,01;736,13;609,73;496,07;663,68;720,62;896,34;537,1;654,52;504,7;582,18;957;430,9;460,62;420,33;491,64;608,47;618,07;690,31;319,29
458,44;559,58;453,8;652,65;468,07;416,16;634,03;253,75;451,99;486,52;537,11;576,08;357,33;807,34;598,84;655,55;538,9;608,74;600,32;738,36;511,05;472,84;533,21;464,03;595,32;692,48;535,28;441,19;487,48;367,32;499,9;504,66;513,28;536,29;630,53;566,03;445,3;687,75;423,2;722;851,86;759,25;760;574,38;353,18;579,51;621,12;556,65;648,26;656,03;460,6;539,6;436,13;584,98;445,51;553,68;789,79;389,4;622,48;796,77;554,09;502,43;477,86;244,45;494,49;509,34;420,56;568,24;550,32;554,57;585,4;546,16;567,71;902,3;661,41;608,48;543,62;688,27;975,53;725,19;592,54;774,52;613,04;517,44;698,42;814,37;875,7;476,01;638,91;454,83;574,87;1080;455,54;441,5;423,74;498,96;558,13;739,37;842,27;326,29
434,15;500,88;415,29;569,48;519,53;476,54;571,44;253,72;490,64;528,73;485,85;599,73;348,75;740,5;564,58;715,81;546,23;554,29;594,56;745,01;619,04;546,3;645,96;526,68;693,04;700,17;453,97;424,19;463,4;362,17;548,75;470,97;504,26;643,59;624,4;686,88;500,54;712,11;501,94;698,31;752,34;815,34;774,47;512,98;403,85;573,68;604,71;537,34;658,63;739,54;391,1;535,41;417,51;536,66;412,66;493,52;779,8;337,8;625,05;736,69;625,05;502,25;526,86;265,44;518,26;454,43;414,26;607,2;588,04;541,86;515,26;551,67;638,12;828,31;671,86;571,51;552,88;719,47;986,31;733,52;623,15;858,47;614,93;472,09;651,19;904,19;849,25;537,97;610,76;461,08;568,24;1105,81;454,39;405,04;474,32;504,68;543,72;815,02;784,77;377,75
467,99;574,5;374,78;585,54;494,02;634,52;524,76;302,67;497,65;554,83;508,02;591,06;364,42;878,61;610,51;674,81;624,59;556,36;558,05;801,3;555,5;574,16;620,11;513,08;623,28;672,46;542,28;386,85;516,61;476,16;636,3;497,15;584,9;661,04;658,08;695,23;566,72;833,38;419,02;760,11;695,88;869,79;788,64;558,22;450,27;563,22;622,15;529,15;675,87;697,99;461,04;583,96;458,37;553,26;380,69;446,47;754,64;326,1;646,22;773,99;644,35;497;546,52;303,18;519,89;442,99;384,32;656,57;720,44;530,83;529,36;519,61;788,1;915,99;661,04;579,24;613,29;658,15;1034,04;705,84;679,07;919,87;704,06;488,53;715,11;810,39;858,48;530,47;679,61;531,43;560,74;1077,01;520,39;421,69;540,78;515,24;555,46;723,57;790,32;362,48
479;534,56;405,26;588,2;524,12;592,65;648,54;321,6;506,92;566,98;509,43;675,2;376,1;937,63;666,27;582,04;602,38;577,39;610,34;696,69;603,82;592,8;700,85;459,55;726,04;738,1;554,14;422,24;494,08;435,39;632,97;508,65;565,23;643,82;702,49;693,2;534,7;898,48;405,97;724,76;702,56;933,92;694,6;477,18;441,48;602,62;668,5;565,78;686,19;731,67;461,01;668,03;350,74;551,71;405,71;543,75;726,52;359,17;639,33;785,82;565,98;568,97;542,88;318,09;561,42;429,69;426,33;733,7;684,21;423,32;518,03;573,4;740,27;945,19;707,08;582,65;608,49;728,16;949,08;642,78;648,34;1013,89;775,5;548,41;807,82;951,52;764,1;466,05;643,97;589,96;605,08;1078,35;569,81;522,52;559,64;447,08;485,08;603,37;867,29;388,05
468,63;498,57;369,44;611,42;525,8;651,64;726,41;377,87;533,57;495,81;528,08;781,51;371,6;829,37;620,5;605,91;579,86;600,31;584,39;719,6;594,16;543,3;741,84;488,36;798;818,01;680,42;396,33;500,01;465,67;593,07;614,26;468,76;660,41;740,39;801,73;528,03;828,79;448,68;822,55;764,66;859,13;637,46;429,3;431,7;642,92;696,75;624,2;675,58;832,04;456,26;766,63;384,84;606,21;340,38;499,64;691,87;336,64;562,76;772,47;610,88;578,13;578,24;362,25;537,52;484,25;390,19;704,08;831,8;439,67;518,39;609,09;799,61;992,59;645,15;638,75;762,83;654,5;889,54;643,76;699,54;1065,65;807,78;516,06;845,92;893,78;690,71;436,72;635;683,12;477,99;1235,02;505;414,69;534,07;457,13;467,12;582,86;792,09;471,17
416,75;458,46;367,59;527,14;495,8;598,32;604,96;416,75;525,56;495,47;682,6;762,44;375,76;702,95;552,6;526,47;488,07;658,52;522,3;839,58;617,61;616,26;648,81;402,5;797,01;800,26;717,39;380,51;472,82;501,01;588,63;606,14;441,2;716,01;703,46;792,67;472,78;838,68;426,51;817,28;631,05;919,56;646,35;434,64;415,06;680,31;636,36;552,89;685,84;912,58;474,42;699,06;433,37;630,9;306,7;605,01;667,31;331,12;530,77;772;683,3;566,91;635,01;335,49;453,58;540,55;409,92;692,84;715,24;457,17;529,47;635,31;816,83;908,4;627,93;684,58;791,83;693,01;950,46;601,43;722,03;1174,49;854,99;460,13;892,03;927,65;607,32;413,87;671,44;815,51;553,85;1083,14;561;431,96;520,91;488,04;465,91;568,8;783,22;474,59
447,36;411,81;379,01;546,74;468,88;491,18;531,1;491,23;497,05;496,49;736,53;810,29;355,29;688,11;562,24;518,85;483,39;795,91;522,69;965,38;586,74;548,55;694,87;407,76;753,14;698,82;823,3;422,47;485,37;558,54;615,79;595,9;504,74;698,61;673,38;738,54;443,92;849,06;417,63;883,21;609,9;841,91;645,02;449,44;443,6;594,78;688,32;592,07;694,96;937,3;415,28;713,95;426,46;607,93;377,42;535,05;651,85;341,13;464,41;709,71;767,88;516,6;630,62;365,55;441,21;469,3;386,16;611,15;731,69;486,83;668,21;561,01;800,51;912,76;564,73;651,12;700,32;692,71;972,93;599,77;736,92;970,43;904,83;459,51;982,5;937,93;543,74;468,25;633,31;792,3;661,93;1224,89;518,53;450,42;457,81;599,25;445,06;637,31;904,43;506,73
492,97;477,66;430,19;591,44;459,48;460,68;475,77;534,86;567,03;545,86;674,02;883,89;356,18;655,6;526,26;636,28;505,7;831,74;514,43;841,06;583,05;619,38;614,28;351,62;798,79;631,76;799,4;443,93;515,09;605,27;691,29;619,29;480,68;698,99;734,63;666,6;496,73;791,09;479,56;994,07;645,93;820,77;649,81;491,45;553,4;502,81;707,92;637,98;636,26;900,94;413,29;822,22;497,21;672,65;422,71;475,57;797,5;286,09;527,38;707,24;772,78;566,78;717,24;353,19;488,44;536,04;356,82;827,49;792,1;470,81;673,86;546,71;734,47;881,11;589,85;618,62;695,1;655,71;895,79;494,78;677,69;911,3;830,68;427,55;863,16;1067,83;663,36;449,96;596,58;738,78;628,99;1187,36;609,03;474,22;471,42;624,61;466,32;547,74;890,99;502,55
539,59;460,36;532,4;570,25;496,42;472,74;465,38;603,57;626,17;524,24;654,51;774,46;347,5;689,57;487,44;633,46;486,58;795,17;548,49;799,2;620,29;572,78;610,62;351,24;703,84;734,92;730,2;427,21;490,66;572,55;712,54;541,11;514,16;627,68;681,57;644,83;551,92;745,48;507;903,07;655,18;716,68;665,67;483,82;596,65;454,89;657,88;615,76;702,42;884,79;358,48;821,42;499,78;669,87;369,49;539,8;751,59;273,96;484,42;624,7;693,68;498,38;731,01;417,02;581,48;505,58;326,15;749,92;731,19;465,08;790,65;619,13;729,76;883,13;678,22;678,72;693,37;605,82;913,48;608,38;747,25;860,32;827,49;454,24;899,07;1208,54;666,46;459,66;642,48;759,6;868,62;1127,94;633,81;563,12;494,83;625,75;482,4;519,93;805,37;498,28
535,43;477,84;543,43;584,52;475,5;456,68;459,75;536,61;659,12;533,94;673,13;845,33;385,84;797,57;545,92;640,22;433,82;805,8;622,49;769,04;598,33;518,83;599,52;348,11;648,48;690,93;634,12;377,88;471,79;573,89;650,77;702,07;456,23;798,42;701,43;672,4;604,21;906,44;515,78;836,09;717,97;834,39;725,93;544,75;614,41;445,63;680,35;609,35;690,98;850,65;447,32;778,99;513,97;664,84;398,87;564,13;740,92;299,94;462,84;599,57;615,66;526,01;646,07;489,74;715,43;473,1;346,38;716,11;667,86;490,39;806,67;609,48;692,21;961,54;656,81;710,54;642,71;536,92;879,07;667,43;704,64;856,23;766,56;463,75;852,89;1121,65;756,72;402,17;590,01;652,98;808,87;1183,08;612,32;538,81;528,02;716,34;469,79;552,47;731,55;566,92
537,62;577,06;478,14;637;540,24;400,89;477,74;480,93;712,16;581,39;670,17;891,99;300,54;815,88;619,58;730,95;429,97;743,38;577,98;809,81;544,92;570,76;608,52;401,06;744,68;823,14;580,46;417,53;473,68;482,38;680,19;662,37;499,28;849,38;687,47;622,9;748,03;918,43;587,54;858,73;688,64;787,98;732,71;432,89;631,51;459,54;657,99;549,46;703,98;720,12;493,28;689,43;540,63;705,98;397,01;562,91;584,95;311,32;526,1;538,68;676,09;523,26;606,2;449,52;713,62;485,62;406,32;701,45;726,27;492,73;815,29;663,86;788,09;847,51;563,91;652,77;702,91;509,59;861,95;568,1;820,66;850,13;782,05;522,13;718,93;940,53;734,1;452,63;636,91;643,58;803,05;1013,35;605,24;571,43;513,78;786,45;502,45;523,93;774,7;592,42
541,57;546,37;489,87;628,93;606,54;380,02;497,53;461,49;693,97;564,18;725,41;903,17;331,56;792,39;719,14;719,05;455,48;720,76;656,53;862,98;557,71;553,19;622,22;369;722,1;881,28;544,21;470,97;435,39;513,82;644,42;621,78;442,45;896,7;732,18;624,24;826,07;814,54;616,15;910,9;709,66;826,56;800,51;484,76;685,96;412,75;686,86;563,73;714,43;800,28;492,47;715,51;495,66;666,85;397,68;603,88;589,65;306,24;518,99;540,18;686,49;534,99;677,96;464,83;703,92;591,08;436;789,42;719,07;485,79;749,62;619,79;751,24;905,41;652,19;721,55;802,74;485,71;918,21;501,49;685,47;878,78;701,77;519,37;696,86;928,84;722,53;470,1;784,15;652,72;726,25;1090,94;569,69;490,72;451,47;809,9;503,64;648,25;854,92;661,2
477,77;526;562,72;601,04;582,67;438,09;497,2;430,92;673,78;518,49;671,45;874,11;305,61;792,29;557,22;763,8;440,95;721,67;610,47;917,84;548,13;529,8;662,52;489,34;702,21;864;687,16;443,62;474,41;474,48;561,78;506,96;486,33;862,27;739,92;647,32;829,26;860,17;737,94;737,73;741,07;712,84;769,49;465,3;718,29;375,74;577,47;448,15;842,67;737,29;455,95;616,63;469,33;652,63;364,27;642,83;656,9;316,69;525,61;519,99;579,75;515,49;679,99;492,19;609,92;519,29;457,02;791,15;642,82;452,31;779,74;644,21;667,19;959,99;629,35;720,96;802,91;473,22;1015,13;476,47;725,26;822,49;726,83;540,12;623,53;890,26;668,16;582,84;688,27;668,69;707,77;1117,28;563,53;476,07;436,37;854,36;497,46;592,68;674,97;683,59
459,06;547,08;568,67;534,69;592,64;485,74;523,38;424,32;651,17;443,83;608,33;917,58;304,96;776,18;554,5;744,37;413,37;717,67;630,1;970,01;521,56;557,52;719,37;416,65;651,01;954,88;603,45;393,33;475,27;469,35;518,34;496,23;576,57;802,63;638,11;750,01;730,84;819,68;648,76;656,39;819,13;727,7;735,28;433,47;761,52;364,84;562,12;439,52;858,77;876,25;468,58;741,06;400,82;692,75;407,1;582,64;822,48;391,68;514,7;552,7;558,59;413,93;601,75;530,23;638,19;531,95;504,92;778,48;553,67;496,27;669,27;670,78;686,77;792,25;695,22;678,73;768,07;525,28;1044,65;471,04;756,58;832,66;704,53;535,04;623,41;897,59;681,42;564,54;590,42;599,1;711,71;1188,15;566,38;583,93;406,95;785,58;491,58;618,79;744,31;678,63
451,28;574,44;633,78;550,04;601,85;552,31;458,47;409,25;624,65;425,54;621,52;896,89;306,27;697,27;631,89;781;487,36;754,34;601,23;1039,96;523,58;549,74;714,75;422,01;723,62;831,39;578,19;456,75;509,03;612,44;591,48;470,23;569,33;846,11;586,14;822,95;658,98;840,17;680,21;714,07;900,06;711,71;657,1;387,45;892,61;392,79;499,51;425,83;839,51;868,59;521,47;780,57;335,4;635,5;456,73;612,98;756,51;413,8;472,78;553,31;493,93;402,97;696,48;536,33;541,75;540,23;520,08;652,53;589,42;482,74;509,59;728,7;655,53;829,96;765,37;796,36;669,42;672,13;970,4;574,91;756,06;882,57;762,03;587,03;582,89;822,35;726,71;566,39;634,42;551,75;730,8;1486,4;532,17;538,02;429,25;745,4;494,94;629,07;712,87;626,89
432,97;583,03;717,72;546,38;635,67;606;474,92;410,67;603,78;448,4;643,84;772,02;397,07;665,03;608,02;771,82;526,97;744,26;531,97;856,81;546,95;514,52;582,49;451,85;731,86;809,07;621,7;501,83;535,68;611,07;609;469,97;612,26;758,39;534,65;717,62;669,59;816,7;678,71;669,58;872,63;673,4;660,83;463,1;905;408,14;478,59;499,33;721,05;719,8;563,5;835,98;369,95;602,16;481,93;536,41;774,88;487,34;466;568,27;543,36;402,79;824,69;484,63;676,99;670,02;496,22;728,99;583,19;471,53;492,04;743,82;602,97;929,21;775,28;766,87;654,73;721,17;982,83;608,57;715,63;849,87;675,14;557,56;556,77;862,64;672,77;551,96;679,8;472;654,88;1633,79;516,91;494,95;408,37;771,84;479,97;541,59;690,77;599,48
458,6;567,32;801,06;513,89;638,12;528,3;510,48;453,26;610,79;477,42;576,47;846,04;376,33;691,46;525,48;836;584,87;806,27;570,29;908,53;670,32;469,21;624,53;405,09;807,51;902,32;634,35;546,43;494,71;692,53;576,63;548,8;636,63;819,37;539,24;766,29;672,36;798,19;725,01;681,87;837,85;682,62;599,82;448,07;957,9;350,97;571,83;499,67;817,44;664,42;587,5;880,46;361,56;573,74;504,28;617,31;789,85;452,71;504,93;582,33;578,16;415,89;1034,43;488,64;633,57;760,44;457,67;704,59;632,24;513,54;461,76;762,97;604,75;941,64;732,53;731,91;621,77;679,21;1028,82;523,4;705,63;761,8;679,25;565,67;587,23;891,82;667,68;589,83;694,08;566,45;678,78;1522,23;524,93;506,81;395,12;931,46;548,22;550,67;810,41;608,83
375,18;633,46;793,24;636,06;617,89;562,65;532,37;526,4;661,12;486,32;723,79;809,36;360,86;775,79;588,34;719,59;556,66;986,09;688,18;873,74;544,93;461,48;612,62;402,14;941,49;827,24;624,39;480,47;455,44;639,22;599,29;455,64;576,93;896,41;545,78;835,02;655,54;743,68;719,54;760,5;732,4;714,74;706,15;469,62;966,98;342,79;641,7;575,09;782,67;645,08;569,23;909,32;345,73;559,82;530,06;527,59;744,88;460,71;544,89;669,68;624,33;471,41;941,01;547,15;729,73;642,71;439,91;695,59;731,19;494,18;421,54;784,54;581,55;933,22;726,69;658,27;691,72;696,93;950,42;539,43;668,9;851,41;581,45;564,25;742,86;1025,79;733,99;509,45;735,48;532,02;596,35;1333,38;512,51;579,95;425,87;860,74;496,16;579,24;926,01;540,75
366,55;675,06;758,17;530,51;568,05;652,01;577,51;512,21;585,46;535,74;678,14;714,89;391,54;735,43;601,36;756,23;569,05;977,22;710,69;820,03;575,02;511,12;649,7;427,54;823,64;757,56;704,58;507,03;461,17;531,58;604,69;481,95;509,5;875,66;585,48;834,75;816,71;788,61;761,47;842,2;695,32;693,18;555,79;505,93;1010,42;346,94;747,75;525,69;744,86;581,61;523,57;816,33;353,03;601,97;566,73;584,57;835,56;421,14;548,98;745,1;763,65;437,97;808,36;493,34;753,57;712,76;474,9;743,49;667,64;472,96;498,94;838,5;634,55;911,34;740,91;627,31;699,13;697,51;993,98;558,84;644,26;846,09;626,22;686,93;747,33;1089,39;643,8;466,47;709,08;457,54;569,62;1553,68;475,99;536,32;517,63;770,77;495,88;551,02;871,83;650,44
381,69;692,87;731,47;446,99;607,17;598,75;656,52;580,8;624,22;575,8;754,67;844,58;402,08;791,84;652,66;715,28;633,88;884,16;588,48;936,12;516,51;568,47;659,76;504,96;824,33;722,1;760,68;490,25;429,22;438,23;677,16;506,12;606,9;915,12;578,43;717,05;762,17;738,67;780,4;799,77;684,83;771,76;461,64;508,38;1018,66;411,57;769,26;579,44;726,8;596,04;453,19;896,41;332,02;585,58;631,31;636,99;745,68;478,57;607,65;768,36;824,37;479,87;868,27;531,72;684,05;745,23;504,71;810,99;648,55;510,4;532,41;740,62;590,3;866,49;640,56;602,16;741,56;724,65;1232,29;475,05;576,75;967,45;590,6;687,08;842,84;1085,89;659,49;435,16;703,69;483,66;482,55;1483,4;472,69;488,43;442,57;805,39;496,12;647,58;827,76;713,05
383,78;656,66;678,59;470,26;690,87;663,06;704,62;614,51;691,83;496,96;763,52;776,28;349,45;869,63;686,16;654,75;599,04;777,86;627,23;822,56;516,78;615,28;626,62;597,76;738,31;843,3;730,63;566,55;413,44;460,98;711,64;470,18;576,56;969,32;571,44;747,82;766,64;643,34;861,32;882,66;708,86;824,84;466,87;511,75;1067,59;474,86;816,05;582,56;648,73;604,8;461,89;832,54;346,5;623,42;587,96;572,5;644,67;452,92;570,13;854,39;941,74;502,01;817,69;539,42;674,91;669,24;534,09;806,46;583,87;520,89;566;732,48;622,59;964,59;673,03;608,68;749,2;699,88;1151,34;511,97;684,14;889,18;555,36;743,41;887,19;937,89;535,99;464,76;685,56;492,27;520,98;1438,27;464,83;436,29;453,57;799,05;576,57;669,51;724,52;734,27
